reality,predict,mape,accurary
557.07,446.1083165,0.199188044,0.8
507.15,458.0705362,0.096775044,0.9
485.25,475.7779166,0.019520007,0.98
485.19,451.43017,0.069580639,0.93
487.19,421.0272567,0.135804806,0.86
543.09,421.0272567,0.224756013,0.78
1018.3,286.1045818,0.71903704,0.28
1004.52,315.5920744,0.685827983,0.31
1021.18,315.5920744,0.69095353,0.31
681.69,388.0999779,0.430679667,0.57
936.44,458.9456169,0.509903873,0.49
1166.15,482.7764289,0.586008293,0.41
1106.16,556.2201388,0.497161226,0.5
991.44,646.1980933,0.348222693,0.65
676.87,659.544588,0.025596366,0.97
676.87,694.6401885,0.026253473,0.97
1005.46,622.3733685,0.381006337,0.62
1281.95,622.3733685,0.514510419,0.49
1194.01,588.518974,0.507107165,0.49
1064.23,512.4749187,0.518454734,0.48
712.81,477.4762713,0.330149309,0.67
708.93,497.4914371,0.298250269,0.7
1098.17,484.4997657,0.558811691,0.44
956.41,458.0705362,0.521052126,0.48
790.68,475.7779166,0.39826742,0.6
483.19,502.9647644,0.040925442,0.96
461.29,502.9647644,0.090343958,0.91
399.33,625.3963551,0.566114129,0.43
429.28,625.3963551,0.456849504,0.54
946.62,502.9647644,0.468673,0.53
880.53,495.6735942,0.437073587,0.56
944.43,538.330561,0.429994218,0.57
972.38,588.003607,0.395294425,0.6
656.91,659.544588,0.004010577,1
952.41,662.6801241,0.304207091,0.7
1114.23,734.3332395,0.340950038,0.66
1064.23,754.9923733,0.290574055,0.71
770.72,773.0497163,0.003022779,1
816.79,694.6401885,0.149548613,0.85
838.6,711.2540731,0.151855386,0.85
858.57,711.2540731,0.171582896,0.83
892.51,694.6401885,0.221700386,0.78
910.48,606.1204852,0.334284679,0.67
889.1,584.9879488,0.342044822,0.66
882.69,549.9268501,0.376987561,0.62
858.65,564.6729231,0.342371254,0.66
818.64,556.2201388,0.320555875,0.68
761.66,546.5584032,0.282411571,0.72
726.79,516.7226895,0.289034399,0.71
708.82,516.7226895,0.271010003,0.73
708.82,516.7226895,0.271010003,0.73
686.86,509.2320792,0.258608626,0.74
700.89,516.7226895,0.262762075,0.74
728.92,546.2491989,0.250604732,0.75
766.72,516.7226895,0.326060766,0.67
776.71,556.2201388,0.283876687,0.72
822.63,637.7104687,0.224790649,0.78
866.56,638.0166654,0.263736307,0.74
876.54,685.6621615,0.217762839,0.78
896.51,698.8025715,0.220530087,0.78
892.51,698.8025715,0.217036704,0.78
880.78,698.8025715,0.206609401,0.79
834.61,657.9364752,0.21168393,0.79
822.63,651.3222962,0.20824393,0.79
852.58,610.4900995,0.283949777,0.72
850.58,610.4900995,0.282266101,0.72
890.52,574.7587086,0.354580797,0.65
890.52,574.7587086,0.354580797,0.65
852.58,549.9268501,0.354985045,0.65
864.71,564.6729231,0.346980001,0.65
780.77,564.6729231,0.276774309,0.72
740.77,526.2167329,0.28963547,0.71
728.79,535.5188805,0.265194527,0.73
708.82,546.5584032,0.228917915,0.77
704.36,546.5584032,0.224035432,0.78
686.99,483.1723291,0.296682151,0.7
686.86,483.1723291,0.296549036,0.7
720.8,483.1723291,0.329672129,0.67
730.2,469.5010215,0.357024074,0.64
776.71,475.7779166,0.387444585,0.61
804.66,482.7764289,0.400024322,0.6
796.67,482.7764289,0.394007018,0.61
832.61,484.4997657,0.418095188,0.58
852.74,502.5138264,0.410706867,0.59
840.6,521.9592971,0.379063411,0.62
816.64,524.3436461,0.35792559,0.64
790.76,521.9592971,0.339927036,0.66
808.65,477.103384,0.410000143,0.59
824.63,477.103384,0.42143339,0.58
832.61,439.8982613,0.47166349,0.53
858.57,439.8982613,0.487638444,0.51
890.68,448.3114762,0.496663812,0.5
858.57,448.3114762,0.477839342,0.52
828.62,393.808781,0.5247414,0.48
792.68,416.3117578,0.474804766,0.53
740.83,517.6502895,0.301256308,0.7
716.81,579.056297,0.192176034,0.81
686.86,424.1288366,0.382510502,0.62
664.89,465.6965325,0.299588605,0.7
666.89,465.6965325,0.301689135,0.7
675.01,458.9456169,0.32009064,0.68
702.83,434.1381443,0.382299924,0.62
714.81,440.5241513,0.383718539,0.62
772.79,491.3106645,0.364237808,0.64
606.99,464.8085797,0.234240136,0.77
545.8,464.8085797,0.14839029,0.85
559.15,493.7267486,0.117004831,0.88
549.08,452.6704003,0.175583885,0.82
659.09,484.4426215,0.264982595,0.74
824.7,502.5138264,0.390670757,0.61
786.69,540.1358645,0.313406978,0.69
790.68,493.7267486,0.375566919,0.62
828.62,502.5138264,0.393553346,0.61
850.58,460.6724394,0.458401985,0.54
585.11,440.5241513,0.247108832,0.75
581.03,379.1521069,0.347448313,0.65
624.96,393.808781,0.369865622,0.63
579.03,393.808781,0.319881904,0.68
513.22,300.264442,0.4149401,0.59
720.8,177.3561904,0.753945352,0.25
680.87,184.7727212,0.728622613,0.27
465.22,174.785167,0.624295673,0.38
421.3,320.2343138,0.239890069,0.76
379.42,174.785167,0.539335915,0.46
379.37,174.785167,0.539275201,0.46
595.01,229.7500632,0.61387193,0.39
722.8,315.5920744,0.563375658,0.44
758.8,333.625601,0.560324722,0.44
547.09,416.3117578,0.239043379,0.76
565.06,417.9805023,0.260290054,0.74
636.94,434.1381443,0.318400251,0.68
906.49,407.0652082,0.55094352,0.45
890.69,413.0042652,0.536309754,0.46
868.55,363.2491515,0.581775198,0.42
840.6,383.7873654,0.543436396,0.46
850.74,163.8855313,0.807361202,0.19
890.52,160.6729401,0.819574024,0.18
910.57,165.7917095,0.817925355,0.18
916.64,166.2962251,0.818580659,0.18
925.17,166.2962251,0.820253332,0.18
924.46,166.2962251,0.820115283,0.18
910.48,163.8855313,0.820000954,0.18
830.62,161.0197894,0.806145061,0.19
758.81,295.0139456,0.611215,0.39
672.88,163.8855313,0.756441667,0.24
652.91,295.9116935,0.546780271,0.45
652.91,290.7373103,0.55470538,0.45
647.04,290.7373103,0.550665631,0.45
668.89,290.7373103,0.565343614,0.43
690.85,290.7373103,0.579160005,0.42
754.74,285.9054784,0.621186795,0.38
758.74,286.1045818,0.622921446,0.38
812.72,351.5928278,0.567387504,0.43
660.9,407.0652082,0.384074432,0.62
682.86,437.3634101,0.35951233,0.64
690.85,431.2343624,0.375791616,0.62
834.76,431.2343624,0.483403179,0.52
912.48,437.3634101,0.520687127,0.48
786.69,469.7155818,0.402921631,0.6
664.89,484.4426215,0.271394334,0.73
810.65,452.6704003,0.441595756,0.56
972.38,446.1083165,0.541220185,0.46
950.51,401.1642348,0.577948433,0.42
814.64,417.9805023,0.486913849,0.51
720.8,401.1642348,0.443445845,0.56
806.78,411.9212966,0.489425498,0.51
931.03,427.8447112,0.540460875,0.46
698.84,427.8447112,0.387778732,0.61
525.12,427.8447112,0.185243923,0.81
477.2,427.8447112,0.103426842,0.9
469.58,411.9212966,0.122787818,0.88
463.23,411.9212966,0.110762911,0.89
445.31,411.9212966,0.074978562,0.93
593.01,411.9212966,0.305372091,0.69
790.68,401.1642348,0.492633891,0.51
852.58,411.9212966,0.516853203,0.48
595.01,446.1083165,0.250250724,0.75
545.09,477.4762713,0.124041404,0.88
816.72,484.4997657,0.406773722,0.59
904.49,541.9548996,0.400817146,0.6
882.53,512.4749187,0.419311617,0.58
850.74,503.5136588,0.408146251,0.59
806.66,512.4749187,0.364695264,0.64
826.62,532.4781456,0.355836847,0.64
868.55,532.4781456,0.386934378,0.61
906.49,503.5136588,0.444545821,0.56
912.48,526.2167329,0.423311489,0.58
814.64,526.2167329,0.354049969,0.65
680.96,521.5341467,0.234119263,0.77
658.9,521.5341467,0.208477543,0.79
750.88,477.4762713,0.364111081,0.64
790.68,484.4997657,0.387236599,0.61
758.74,484.4997657,0.361441646,0.64
738.77,490.2796104,0.336356904,0.66
722.8,509.2320792,0.29547305,0.7
710.82,509.2320792,0.283599112,0.72
746.76,490.2796104,0.34345759,0.66
767,490.2796104,0.360782777,0.64
774.71,509.2320792,0.342680385,0.66
818.64,517.0761668,0.36837173,0.63
815.88,494.767453,0.393578157,0.61
662.9,503.5730527,0.240348389,0.76
626.96,555.030079,0.114728086,0.89
868.55,574.1735191,0.338928652,0.66
904.57,555.6341272,0.385747784,0.61
880.7,555.6341272,0.369099435,0.63
844.59,565.0244009,0.33100747,0.67
848.59,556.8335904,0.34381316,0.66
878.54,539.054858,0.386419676,0.61
910.48,539.054858,0.407944317,0.59
918.47,508.9715448,0.445848482,0.55
904.49,517.2130311,0.428171642,0.57
902.5,517.2130311,0.426910769,0.57
882.62,517.2130311,0.414002593,0.59
830.76,517.2130311,0.377421841,0.62
792.68,489.7935982,0.382104256,0.62
716.81,489.7935982,0.316703732,0.68
485.19,497.7245469,0.025834306,0.97
419.3,489.0212155,0.166280027,0.83
435.27,497.7245469,0.143484612,0.86
724.79,480.8940567,0.336505668,0.66
742.76,494.767453,0.333879782,0.67
790.9,494.767453,0.374424765,0.63
832.61,514.1401517,0.382495824,0.62
846.59,536.2618097,0.366562551,0.63
894.51,586.1304377,0.344746914,0.66
910.48,592.7836057,0.348932864,0.65
953.93,627.2161564,0.342492472,0.66
926.63,613.5366885,0.33788385,0.66
926.46,613.5366885,0.337762355,0.66
882.53,613.5366885,0.304797924,0.7
871.45,597.437625,0.314432698,0.69
894.51,544.5767324,0.391201068,0.61
922.46,549.8862108,0.403891539,0.6
908.49,549.8862108,0.394725081,0.61
930.45,517.2149664,0.444123847,0.56
914.48,487.6378908,0.466759371,0.53
906.74,492.3922306,0.456964256,0.54
860.57,487.6378908,0.433354764,0.57
814.64,487.6378908,0.40140689,0.6
800.67,482.929457,0.396843322,0.6
744.76,475.3226104,0.361777471,0.64
752.75,475.3226104,0.368551829,0.63
736.77,455.3016211,0.382030184,0.62
740.77,455.3016211,0.38536709,0.61
784.91,459.3353569,0.414792324,0.59
770.72,459.3353569,0.404017857,0.6
830.62,455.3016211,0.451853289,0.55
874.54,455.3016211,0.479381594,0.52
920.47,459.3353569,0.500977374,0.5
960.4,478.6885254,0.501573797,0.5
974.38,448.921194,0.539275032,0.46
958.4,455.3016211,0.524935704,0.48
944.69,452.1001519,0.52143015,0.48
878.54,452.1001519,0.485396053,0.51
892.51,455.3016211,0.489863843,0.51
958.4,459.3353569,0.520726881,0.48
986.36,459.3353569,0.534312668,0.47
1001.96,459.3353569,0.541563179,0.46
980.55,463.8137545,0.526986126,0.47
958.4,463.8137545,0.516054096,0.48
924,435.71486,0.528447121,0.47
852.58,441.1287092,0.482595523,0.52
810.65,435.71486,0.462511737,0.54
644.93,441.1287092,0.316005289,0.68
487.19,431.507774,0.114292629,0.89
487.19,468.3358153,0.03869986,0.96
675.06,474.1549867,0.297610602,0.7
690.85,474.1549867,0.313664346,0.69
569.05,474.1549867,0.166760413,0.83
764.73,474.1549867,0.379970726,0.62
818.64,474.1549867,0.42080159,0.58
832.61,468.3358153,0.437508779,0.56
870.55,474.1549867,0.455338594,0.54
868.55,474.1549867,0.454084409,0.55
896.75,474.1549867,0.471251757,0.53
862.56,536.2618097,0.378290427,0.62
856.57,526.3579861,0.385504995,0.61
812.65,589.1711285,0.27500015,0.72
806.66,622.4630546,0.228345208,0.77
870.55,644.4319815,0.259741564,0.74
888.52,652.439185,0.265701183,0.73
908.49,661.7121725,0.271635161,0.73
924.72,615.2661359,0.334646016,0.67
916.47,600.0625961,0.345245784,0.65
898.5,569.9129931,0.365706185,0.63
840.6,569.9129931,0.322016425,0.68
834.61,569.9129931,0.317150534,0.68
790.68,558.0933415,0.294160291,0.71
780.18,558.0933415,0.284660794,0.72
740.77,589.983848,0.203553265,0.8
740.83,537.3223668,0.274702203,0.73
749.47,523.2905361,0.301785881,0.7
786.69,567.9589849,0.278039654,0.72
802.66,589.983848,0.264964184,0.74
864.56,579.9875772,0.32915289,0.67
882.53,626.1424461,0.290514265,0.71
894.76,689.0049211,0.229955607,0.77
926.46,675.0466505,0.271369891,0.73
1108.15,703.493366,0.365164133,0.63
1172.05,744.8716608,0.364471088,0.64
1106.16,825.3801087,0.253832982,0.75
1076.21,798.1194777,0.25839801,0.74
1040.27,803.8258339,0.227291151,0.77
1072.21,853.5718559,0.203913547,0.8
1132.19,853.5718559,0.246087798,0.75
1176.28,718.02323,0.389581367,0.61
1146.09,692.2179763,0.396017785,0.6
1048.25,646.9576327,0.382821242,0.62
906.49,629.9816112,0.305031924,0.69
854.58,619.8844469,0.27463263,0.73
804.66,613.3276206,0.237780403,0.76
758.74,613.3276206,0.191649813,0.81
730.98,648.374318,0.113006761,0.89
730.78,581.6615377,0.204053836,0.8
724.79,614.8987754,0.15161802,0.85
756.74,589.983848,0.220361223,0.78
746.76,725.0775932,0.029035308,0.97
776.71,794.5144698,0.022922931,0.98
847.34,846.3182916,0.001205783,1
838.6,963.1860233,0.148564302,0.85
896.51,863.4318621,0.036896563,0.96
922.54,787.3724353,0.146516752,0.85
962.58,831.2813717,0.136402822,0.86
1170.05,752.4358337,0.356919932,0.64
1148.09,831.2813717,0.275944071,0.72
1118.14,718.02323,0.357841388,0.64
1100.4,744.8716608,0.323090094,0.68
1082.27,765.827274,0.292387968,0.71
1146.09,787.3724353,0.312992492,0.69
1112.15,752.3712361,0.323498416,0.68
1074.21,720.979659,0.328828014,0.67
1076.21,653.4047948,0.392864966,0.61
1062.23,615.2661359,0.420778799,0.58
988.35,584.3923444,0.408719235,0.59
926.46,564.8415718,0.390322764,0.61
503.23,588.518974,0.169483087,0.83
473.28,588.518974,0.243490057,0.76
461.23,556.4872078,0.206528647,0.79
459.23,556.4872078,0.211783219,0.79
888.52,556.4872078,0.373691973,0.63
970.38,541.9548996,0.441502402,0.56
908.49,546.8208332,0.398099227,0.6
994.34,564.8415718,0.431943227,0.57
946.42,595.5919634,0.370689585,0.63
634.94,653.4047948,0.029081165,0.97
860.8,659.2785199,0.234109526,0.77
1205.99,708.372435,0.412621635,0.59
1202,751.406322,0.374869948,0.63
1174.04,751.406322,0.35998235,0.64
652.67,720.979659,0.104661864,0.9
608.99,752.3712361,0.235441035,0.76
1154.08,688.9889797,0.40299721,0.6
1181.25,661.7121725,0.439820383,0.56
1140.33,615.1935684,0.460512686,0.54
1126.12,595.5919634,0.471111459,0.53
1026.29,585.1772989,0.429812919,0.57
686.86,574.1735191,0.164060334,0.84
1058.24,595.5919634,0.437186306,0.56
754.74,554.964616,0.264694311,0.74
501.16,555.030079,0.107490779,0.89
473.28,532.5409561,0.125213312,0.87
461.23,532.5409561,0.154610403,0.85
710.82,532.5409561,0.25080758,0.75
746.76,532.5409561,0.286864647,0.71
767,532.5409561,0.305683238,0.69
774.71,523.2905361,0.32453365,0.68
818.64,569.9129931,0.303829531,0.7
815.88,584.3923444,0.283727577,0.72
1112.15,641.9792011,0.42275844,0.58
1140.18,641.9792011,0.436949253,0.56
1168.29,672.8951761,0.424034122,0.58
1168.05,661.7121725,0.433489857,0.57
926.46,661.7121725,0.285762826,0.71
868.55,672.8951761,0.225266046,0.77
862.56,641.9792011,0.255728064,0.74
938.44,641.9792011,0.315908102,0.68
916.47,631.3099974,0.311150395,0.69
928.45,594.4609923,0.359727511,0.64
940.43,575.4520994,0.388096829,0.61
934.54,545.7415282,0.416031921,0.58
906.08,545.7415282,0.397689466,0.6
834.61,573.1501766,0.313271856,0.69
822.63,554.964616,0.325377611,0.67
744.42,554.964616,0.254500664,0.75
746.76,532.5409561,0.286864647,0.71
724.85,532.5409561,0.265308745,0.73
732.92,523.2288167,0.286103781,0.71
730.78,523.2288167,0.284013223,0.72
760.73,523.2288167,0.312201679,0.69
808.65,523.2288167,0.352960098,0.65
854.58,545.7415282,0.361392113,0.64
880.53,554.964616,0.369737981,0.63
900.5,554.964616,0.383715029,0.62
926.46,575.4520994,0.37887,0.62
986.45,567.3879283,0.42481836,0.58
998.53,556.7186631,0.442461756,0.56
1110.15,615.1935684,0.445846446,0.55
850.58,604.9695215,0.28875647,0.71
888.52,594.4609923,0.330953729,0.67
908.49,604.9695215,0.334093362,0.67
924.46,575.4520994,0.377526232,0.62
1114.14,575.4520994,0.483501087,0.52
1152.08,554.964616,0.518293334,0.48
924.54,545.7415282,0.409715612,0.59
902.66,536.2618097,0.405909413,0.59
818.64,545.7415282,0.333355897,0.67
764.73,538.09371,0.296361186,0.7
746.76,514.5331536,0.310979225,0.69
724.79,523.2288167,0.278095977,0.72
724.79,523.2905361,0.278010822,0.72
732.15,489.0212155,0.3320751,0.67
718.8,497.7245469,0.307561843,0.69
734.84,489.0212155,0.334520147,0.67
770.72,514.1401517,0.33290929,0.67
803.27,514.1401517,0.359941051,0.64
822.63,545.3246893,0.337096034,0.66
882.53,545.3246893,0.382089346,0.62
912.56,564.631194,0.381266773,0.62
1006.52,583.2826403,0.420495728,0.58
1164.06,608.6788658,0.477106965,0.52
1158.07,629.9816112,0.456007313,0.54
1192.01,608.6788658,0.489367651,0.51
1233.94,618.965601,0.498382741,0.5
1040.27,618.965601,0.404995241,0.6
892.51,604.507444,0.322688324,0.68
1289.85,574.1735191,0.554852487,0.45
1296.2,574.1735191,0.557033236,0.44
1178.04,536.2618097,0.544784719,0.46
1132.11,545.7415282,0.517943019,0.48
1014.31,554.964616,0.452864887,0.55
658.9,523.2288167,0.205905575,0.79
764.73,532.5409561,0.303622251,0.7
764.73,532.5409561,0.303622251,0.7
772.71,532.5409561,0.310813946,0.69
714.95,532.5409561,0.255135386,0.74
722.85,523.2288167,0.276158516,0.72
756.74,503.5730527,0.334549445,0.67
762.73,532.5409561,0.301796237,0.7
798.67,564.8415718,0.292772269,0.71
826.62,595.5919634,0.279485177,0.72
854.58,658.3093822,0.229669098,0.77
895.37,689.0049211,0.230480225,0.77
902.5,754.5002044,0.163988693,0.84
954.41,752.3712361,0.211689697,0.79
1093.81,705.4677029,0.355036338,0.64
946.42,693.7433688,0.2669815,0.73
876.54,675.0466505,0.229873536,0.77
874.54,627.2161564,0.282804496,0.72
992.35,646.8813274,0.348131881,0.65
1140.33,593.1401767,0.479852168,0.52
954.49,603.6965602,0.36751924,0.63
932.45,603.6965602,0.35256951,0.65
922.46,565.0244009,0.387480865,0.61
862.56,575.0803952,0.333286502,0.67
782.7,575.0803952,0.26526077,0.73
756.74,575.0803952,0.240055508,0.76
726.79,590.5009507,0.18752191,0.81
457.24,575.0803952,0.257721099,0.74
649.04,560.0134079,0.137166572,0.86
744.82,581.6615377,0.219057574,0.78
778.7,560.0134079,0.280835485,0.72
790.68,560.0134079,0.291731917,0.71
844.59,613.3276206,0.273816147,0.73
852.58,619.8844469,0.272931048,0.73
900.5,671.8801855,0.253880971,0.75
1126.12,683.7572853,0.392820228,0.61
1136.34,676.048748,0.405064727,0.59
1108.15,720.0550045,0.350218829,0.65
1100.17,720.0550045,0.34550569,0.65
1070.3,688.9889797,0.356265552,0.64
1070.22,751.406322,0.297895459,0.7
1086.12,701.2512276,0.35435198,0.65
1116.14,688.9889797,0.382703801,0.62
1108.37,672.8951761,0.392896617,0.61
976.37,631.3099974,0.353411107,0.65
933.66,574.1735191,0.385029326,0.61
900.5,584.3923444,0.351035709,0.65
840.6,600.0625961,0.28614966,0.71
796.67,555.030079,0.303312439,0.7
768.72,591.9438056,0.229961747,0.77
740.77,581.6615377,0.21478794,0.79
734.78,560.0134079,0.237848869,0.76
712.95,581.6615377,0.184148204,0.82
750.75,614.8987754,0.180954012,0.82
780.77,581.6615377,0.255015513,0.74
778.7,581.6615377,0.253035138,0.75
834.61,613.3276206,0.265132672,0.73
876.54,643.8469784,0.265467659,0.73
880.53,676.048748,0.232225196,0.77
920.47,646.8743213,0.297234759,0.7
1207.99,658.3093822,0.455037391,0.54
1164.06,683.7572853,0.41260993,0.59
1140.33,732.7555329,0.357417999,0.64
1124.21,676.048748,0.398645495,0.6
1100.17,646.8743213,0.412023304,0.59
1126.12,618.135323,0.451092847,0.55
1176.04,618.135323,0.474392603,0.53
1150.08,618.135323,0.462528413,0.54
1120.13,594.0770097,0.469635659,0.53
1008.32,594.0770097,0.410824927,0.59
978.37,575.0803952,0.412205612,0.59
928.62,590.5009507,0.364109161,0.64
868.8,581.9408224,0.330178611,0.67
798.67,581.9408224,0.271362612,0.73
752.75,581.9408224,0.226913554,0.77
757.03,581.9408224,0.231284332,0.77
748.75,604.4365881,0.192739114,0.81
760.88,581.9408224,0.23517398,0.76
782.76,574.9061108,0.265539743,0.73
820.63,574.9061108,0.299433227,0.7
878.54,604.4365881,0.311998784,0.69
918.47,604.4365881,0.341909275,0.66
950.42,610.0069519,0.358171175,0.64
1040.27,575.1821519,0.447083784,0.55
1217.97,597.4166515,0.509498057,0.49
1200,685.8116339,0.428490305,0.57
1194.26,760.0603485,0.36357213,0.64
1096.17,750.2810317,0.315543181,0.68
1212.07,704.4275075,0.418822752,0.58
1203.99,634.7921244,0.472759637,0.53
1233.94,597.4166515,0.515846272,0.48
1223.96,585.4650414,0.521663256,0.48
1215.97,585.4650414,0.51852016,0.48
1233.94,601.1640571,0.512809329,0.49
1219.97,601.1640571,0.507230459,0.49
1102.16,624.4029249,0.43347343,0.57
1040.48,585.4650414,0.437312547,0.56
768.79,597.4166515,0.222913082,0.78
788.69,604.4365881,0.233619561,0.77
776.71,575.1821519,0.25946344,0.74
760.73,581.9408224,0.235023172,0.76
786.69,581.9408224,0.260266659,0.74
812.65,581.9408224,0.283897345,0.72
826.95,581.9408224,0.296280522,0.7
906.49,604.4365881,0.333212073,0.67
922.46,608.2856993,0.340583115,0.66
937.02,608.2856993,0.350829545,0.65
1211.98,660.4992762,0.455024608,0.54
1269.88,704.4275075,0.445280257,0.55
1237.94,565.6676179,0.543057323,0.46
1229.95,587.7165983,0.522162203,0.48
1184.03,575.2274587,0.514178307,0.49
1182.03,575.1821519,0.513394625,0.49
1182.36,604.4365881,0.488788027,0.51
1221.96,624.4029249,0.48901525,0.51
1263.89,633.5876545,0.498700318,0.5
1273.88,604.4365881,0.525515286,0.47
1241.93,631.5541661,0.491473621,0.51
1190.02,597.4166515,0.497977638,0.5
992.35,575.1821519,0.420383784,0.58
902.5,597.4166515,0.338042491,0.66
808.65,631.5541661,0.219001835,0.78
810.72,785.2869654,0.031370923,0.97
762.73,604.4365881,0.207535316,0.79
776.71,604.4365881,0.221798885,0.78
796.83,575.1821519,0.278162027,0.72
820.63,553.5094028,0.325506741,0.67
830.62,575.1821519,0.307526725,0.69
1006.32,560.1616371,0.443356351,0.56
1297.84,608.2856993,0.531309176,0.47
1315.81,648.9496267,0.506805978,0.49
1309.9,690.2647495,0.473040118,0.53
1301.83,714.9460123,0.450814613,0.55
1286.9,747.1397546,0.41942672,0.58
1239.93,703.064156,0.432980768,0.57
1182.03,691.1919115,0.415250111,0.58
1128.12,705.4677029,0.374651896,0.63
1185.79,703.493366,0.406730225,0.59
1200,727.6702292,0.393608142,0.61
1162.15,703.493366,0.394662164,0.61
1174.04,687.0607605,0.414789308,0.59
1164.29,664.3055481,0.429432918,0.57
1178.04,646.9576327,0.45081862,0.55
1106.16,648.7413302,0.413519445,0.59
988.35,618.135323,0.374578517,0.63
898.5,629.9816112,0.298851852,0.7
860.57,610.0069519,0.291159404,0.71
846.65,669.7920485,0.208891456,0.79
832.61,633.5876545,0.239034296,0.76
832.79,638.9752352,0.232729457,0.77
894.51,638.9752352,0.285670104,0.71
936.44,624.4029249,0.333216303,0.67
992.35,666.2228671,0.328641238,0.67
1086.19,666.2228671,0.386642423,0.61
1096.17,736.1726115,0.32841383,0.67
1154.08,763.6996866,0.338261051,0.66
1150.16,806.4528225,0.29883423,0.7
1134.11,825.5165996,0.272101825,0.73
1112.38,794.7927348,0.285502495,0.71
1088.19,826.9232455,0.240092957,0.76
1082.2,760.5022283,0.297262772,0.7
1112.15,703.553767,0.367393097,0.63
1158.07,716.075231,0.381664985,0.62
1156.07,648.9496267,0.438658882,0.56
1146.37,560.1616371,0.511360523,0.49
964.47,601.1640571,0.376689729,0.62
918.47,660.0824861,0.281323847,0.72
823.87,660.0824861,0.198802619,0.8
800.67,852.751776,0.065047743,0.93
762.73,624.4029249,0.181357853,0.82
740.77,624.4029249,0.157089346,0.84
748.81,597.4166515,0.202178588,0.8
738.91,597.4166515,0.191489286,0.81
720.8,597.4166515,0.171175567,0.83
764.73,631.5541661,0.174147521,0.83
910.48,652.416277,0.283437004,0.72
1042.26,639.3369271,0.386585951,0.61
1102.16,693.2028685,0.371050602,0.63
1106.16,708.7739282,0.359248275,0.64
1154.08,718.2966584,0.377602369,0.62
1188.35,762.7959856,0.358104948,0.64
1166.06,812.3937154,0.303300246,0.7
1152.08,850.1872312,0.262041498,0.74
946.42,827.9851343,0.125139859,0.87
876.54,835.2489391,0.047106876,0.95
874.54,812.3937154,0.071061683,0.93
992.35,774.0372297,0.219995738,0.78
1140.33,735.2765077,0.355207258,0.64
954.49,727.6702292,0.237634518,0.76
932.45,678.1946137,0.272674552,0.73
922.46,649.9746077,0.295389927,0.7
862.56,667.4034221,0.226252757,0.77
944.43,660.4992762,0.300637129,0.7
888.52,651.8138264,0.266405003,0.73
852.1,689.9852417,0.190253208,0.81
866.73,729.4123003,0.158431922,0.84
846.59,696.9165909,0.176795626,0.82
832.61,685.8116339,0.176311077,0.82
889.93,648.7413302,0.271019822,0.73
926.46,677.0106344,0.269250011,0.73
1032.28,721.2754779,0.301279229,0.7
1092.18,706.8510226,0.352807209,0.65
1154.08,725.7207085,0.371169496,0.63
1190.27,805.3286728,0.323406729,0.68
1233.94,813.5067868,0.340724195,0.66
1235.94,827.9851343,0.330076594,0.67
1176.04,823.1777264,0.300042748,0.7
1158.15,837.828192,0.276580588,0.72
1132.11,893.4264211,0.210830731,0.79
1172.05,917.3833005,0.217283136,0.78
1202,969.7272181,0.193238587,0.81
1198,850.1872312,0.290327854,0.71
1205.99,867.5366972,0.28064354,0.72
1213.98,762.7959856,0.371656876,0.63
1164.29,762.7959856,0.344840215,0.66
1092.18,764.8451025,0.29970783,0.7
1016.38,676.2966039,0.334602605,0.67
900.5,660.4992762,0.266519405,0.73
882.53,660.4992762,0.251584336,0.75
616.97,678.2103054,0.099259778,0.9
463.23,704.4275075,0.520686284,0.48
1006.32,651.8138264,0.352279765,0.65
950.61,648.7413302,0.317552592,0.68
1018.3,677.0106344,0.335156011,0.66
1116.14,721.2754779,0.353776876,0.65
1173.84,745.180625,0.365177005,0.63
1176.04,762.7959856,0.35138602,0.65
1188.02,774.0372297,0.348464479,0.65
1246.32,833.9542044,0.330866708,0.67
1249.92,848.7964638,0.320919368,0.68
1209.98,927.8893451,0.233136626,0.77
1174.04,917.3833005,0.218609843,0.78
1130.12,1007.279234,0.108697099,0.89
1156.07,987.0706324,0.146184373,0.85
1190.26,969.7272181,0.185281184,0.81
1164.06,933.3082753,0.198230095,0.8
1170.05,890.6760092,0.238770985,0.76
1168.14,709.5985413,0.392539814,0.61
1158.07,727.6702292,0.371652638,0.63
1096.17,737.2767416,0.327406569,0.67
1050.25,718.02323,0.316331131,0.68
954.41,705.4840256,0.260816603,0.74
936.63,687.0607605,0.266454459,0.73
902.5,705.4840256,0.218300249,0.78
890.52,664.3055481,0.254025122,0.75
890.52,664.3055481,0.254025122,0.75
930.52,664.3055481,0.286092133,0.71
966.39,677.0106344,0.299443667,0.7
1070.22,678.2103054,0.366288889,0.63
1128.12,708.7739282,0.371721157,0.63
1144.33,763.6996866,0.332622857,0.67
1198,794.7927348,0.336566999,0.66
1192.01,893.4264211,0.250487478,0.75
1196.01,944.4034107,0.210371643,0.79
1188.02,1074.270974,0.095746726,0.9
1160.07,1193.414584,0.028743597,0.97
1125.73,1193.414584,0.06012506,0.94
1164.06,1483.487285,0.274407921,0.73
1219.97,1483.487285,0.216003086,0.78
1186.12,806.0796484,0.320406326,0.68
1184.03,739.9309253,0.375074174,0.62
1164.06,752.4358337,0.353610781,0.65
1098.17,670.1797002,0.38973046,0.61
1016.31,662.3529512,0.348276657,0.65
850.58,662.3529512,0.221292587,0.78
808.72,688.9889797,0.14805003,0.85
780.7,704.1385986,0.098067633,0.9
752.89,662.4765855,0.120088478,0.88
742.76,655.2537199,0.117812322,0.88
752.75,646.4321129,0.141239305,0.86
934.44,622.3733685,0.333961123,0.67
930.45,680.5835019,0.268543713,0.73
1022.3,723.0197992,0.292751835,0.71
1084.19,684.8709953,0.368310909,0.63
1146.17,772.545776,0.325976272,0.67
1180.28,814.2659895,0.31010778,0.69
1205.99,831.2813717,0.310706248,0.69
1198,886.5679128,0.259960006,0.74
1170.05,977.8909608,0.164231477,0.84
1144.09,958.3345709,0.162360854,0.84
1136.11,1086.52505,0.043644497,0.96
1150.08,1046.087039,0.090422371,0.91
1168.05,1128.413378,0.033934011,0.97
1172.37,916.9094973,0.217900921,0.78
1202,752.4358337,0.37401345,0.63
1180.03,731.7838255,0.379859982,0.62
1123.22,701.2512276,0.375677759,0.62
1036.27,701.2512276,0.323292938,0.68
836.76,689.0049211,0.176579998,0.82
801.59,658.3941664,0.178639746,0.82
764.79,629.9816112,0.176268504,0.82
758.74,634.7103795,0.163467882,0.84
750.75,646.8743213,0.138362542,0.86
758.74,646.8743213,0.147436116,0.85
708.82,702.1823919,0.009364307,0.99
1052.25,664.3055481,0.368680876,0.63
1088.41,718.02323,0.340300778,0.66
1144.09,744.8716608,0.348939628,0.65
1170.05,763.6854423,0.347305293,0.65
1218.05,813.4369461,0.332180989,0.67
1233.94,868.8378504,0.295883227,0.7
1219.97,867.4910489,0.288924278,0.71
1207.99,917.3833005,0.240570451,0.76
1188.02,1007.279234,0.152136131,0.85
1298.11,1141.827916,0.120392019,0.88
1339.77,1141.827916,0.147743332,0.85
1409.65,1016.115963,0.279171452,0.72
1429.62,785.9306826,0.450252037,0.55
1371.71,752.4358337,0.451461436,0.55
1331.87,718.9876772,0.460166775,0.54
1333.78,731.7838255,0.45134593,0.55
884.53,701.2512276,0.207204699,0.79
842.6,705.4840256,0.162729616,0.84
832.77,705.4840256,0.152846494,0.85
790.68,676.048748,0.144978059,0.86
792.68,646.9576327,0.18383505,0.82
778.7,634.7103795,0.184910261,0.82
777.6,634.7103795,0.183757228,0.82
716.87,659.246029,0.080382735,0.92
1030.5,685.8116339,0.334486527,0.67
1071.45,704.4275075,0.342547475,0.66
1120.13,690.2647495,0.383763715,0.62
1134.11,762.7959856,0.327405644,0.67
1213.98,794.7927348,0.345299976,0.65
1293.84,871.5566084,0.326379917,0.67
1315.89,1007.213429,0.234576272,0.77
1319.8,1239.547754,0.060806369,0.94
1317.8,1055.395398,0.199123237,0.8
1312.1,791.2465016,0.39696174,0.6
1323.79,737.3829857,0.44297586,0.56
1323.79,653.8827675,0.506052495,0.49
1377.7,628.4331354,0.543853426,0.46
1377.7,624.6770843,0.546579746,0.45
1373.71,624.6770843,0.545262767,0.45
1341.86,634.7921244,0.526931182,0.47
1271.88,646.9576327,0.491337522,0.51
1104.38,651.8138264,0.409792077,0.59
1014.31,646.9576327,0.362169719,0.64
962.4,646.9576327,0.327766383,0.67
964.39,618.135323,0.359040095,0.64
952.41,634.7103795,0.333574428,0.67
926.46,634.7103795,0.314907951,0.69
968.39,601.1640571,0.379212861,0.62
1006.4,624.596642,0.379375356,0.62
1182.03,651.8138264,0.448564058,0.55
1320.08,690.2647495,0.47710385,0.52
1317.8,725.7207085,0.449293741,0.55
1381.7,805.3286728,0.417146506,0.58
1358.59,837.828192,0.383310497,0.62
1377.7,837.828192,0.391864563,0.61
1401.66,944.4844959,0.32616719,0.67
1333.28,837.828192,0.37160372,0.63
1351.75,858.8869258,0.364611115,0.64
1377.7,858.8869258,0.376579135,0.62
1433.61,833.9542044,0.41828377,0.58
1425.62,833.9542044,0.415023495,0.58
1399.67,703.064156,0.497692916,0.5
1345.76,679.7048302,0.494928642,0.51
1198.1,675.0466505,0.436569026,0.56
1074.21,675.0466505,0.371587818,0.63
864.72,635.6447757,0.264912601,0.74
830.62,607.3264599,0.268827551,0.73
796.67,618.135323,0.224101167,0.78
818.64,618.135323,0.244924114,0.76
802.66,634.7103795,0.209241298,0.79
928.45,634.7103795,0.316376348,0.68
958.4,618.135323,0.355034095,0.64
1008.39,618.135323,0.387007683,0.61
1168.29,646.9576327,0.44623541,0.55
1307.82,678.1946137,0.481431226,0.52
1311.81,742.8760553,0.433701485,0.57
1363.73,781.0079034,0.427300196,0.57
1409.65,836.7536795,0.406410329,0.59
1453.58,893.5501466,0.385276251,0.61
1415.64,874.2479795,0.382436227,0.62
1375.71,858.9606687,0.375623737,0.62
1359.82,858.9606687,0.368327669,0.63
1389.98,829.8437772,0.402981498,0.6
1471.45,820.0945229,0.442662324,0.56
1451.58,777.3438329,0.464484332,0.54
1441.6,747.1397546,0.481728805,0.52
1415.29,719.6839234,0.49149367,0.51
1293.94,705.4677029,0.454791024,0.55
1180.27,675.0466505,0.428057436,0.57
1122.13,662.3529512,0.409735992,0.59
1044.26,625.0808453,0.401412632,0.6
990.35,625.0808453,0.368828348,0.63
978.37,618.965601,0.367350183,0.63
940.43,629.9816112,0.330113234,0.67
948.42,629.9816112,0.33575672,0.66
974.45,603.6965602,0.380474565,0.62
1102.4,646.8743213,0.413212698,0.59
1267.89,646.9576327,0.489736781,0.51
1313.81,703.493366,0.464539495,0.54
1329.78,780.8277567,0.412814333,0.59
1415.64,835.2489391,0.409984926,0.59
1399.67,989.580743,0.29298996,0.71
1433.61,1007.279234,0.297382668,0.7
1445.59,1466.247645,0.014290113,0.99
1381.7,1162.249324,0.158826573,0.84
1317.89,1505.564501,0.142405285,0.86
1411.65,1162.249324,0.176673167,0.82
1459.88,909.4052081,0.377068521,0.62
1411.65,813.5067868,0.423719203,0.58
1423.63,747.1397546,0.475186843,0.52
1351.75,719.6839234,0.467590957,0.53
1359.73,691.1919115,0.491669735,0.51
1225.96,675.0466505,0.449373022,0.55
1042.75,734.7969131,0.295327822,0.7
976.75,671.0119974,0.313015616,0.69
942.43,664.3055481,0.295114175,0.7
738.77,618.135323,0.16329125,0.84
541.39,629.9816112,0.163637325,0.84
1036.27,603.6965602,0.41743314,0.58
976.44,603.6965602,0.381737167,0.62
1038.27,603.6965602,0.418555327,0.58
1229.95,629.9816112,0.487799007,0.51
1292.12,705.4840256,0.454010444,0.55
1345.76,747.1824213,0.444787762,0.56
1435.61,812.3937154,0.434112527,0.57
1401.66,858.8869258,0.387235902,0.61
1427.72,917.3833005,0.357448729,0.64
1371.71,933.7905524,0.319250751,0.68
1369.72,843.8682221,0.383911878,0.62
1343.76,877.8037515,0.346755558,0.65
1411.65,927.8893451,0.342691641,0.66
1431.61,831.3527444,0.419288253,0.58
1417.93,760.7475398,0.463480186,0.54
1431.61,697.1304756,0.513044422,0.49
1399.77,636.1306541,0.545546301,0.45
1363.73,639.2364747,0.531258772,0.47
1299.83,610.7581468,0.530124596,0.47
1110.15,600.1490672,0.459398219,0.54
1012.31,568.0505864,0.438857083,0.56
988.35,583.2826403,0.409842019,0.59
940.43,593.1401767,0.369288329,0.63
928.45,583.2826403,0.371767311,0.63
948.68,583.2826403,0.385163975,0.61
970.38,565.0244009,0.417728724,0.58
1138.97,565.0244009,0.503916345,0.5
1209.98,593.1401767,0.509793404,0.49
1301.83,636.1306541,0.511356587,0.49
1311.81,697.1304756,0.468573593,0.53
1377.43,739.9309253,0.462817765,0.54
1375.71,803.1717012,0.416176592,0.58
1357.74,838.0849961,0.382735284,0.62
1211.98,1056.089789,0.128624409,0.87
1164.06,873.4895903,0.249618069,0.75
1182.03,756.3629917,0.360115233,0.64
1178.04,731.3818561,0.379153631,0.62
1196.01,729.5618093,0.390003588,0.61
1200.09,693.7433688,0.421923882,0.58
1215.97,654.5252547,0.46172582,0.54
1172.28,608.757258,0.480706608,0.52
1154.08,597.2331583,0.482502809,0.52
946.42,588.8637556,0.377798699,0.62
822.63,597.2331583,0.273995407,0.73
790.68,597.2331583,0.244658827,0.76
762.79,618.135323,0.189638927,0.81
760.73,618.135323,0.18744453,0.81
762.73,618.135323,0.18957518,0.81
782.7,618.135323,0.210252558,0.79
998.55,618.135323,0.380967079,0.62
978.37,618.135323,0.368198817,0.63
1042.26,623.6919963,0.401596534,0.6
1114.14,660.4992762,0.407166715,0.59
1066.22,679.7048302,0.362509773,0.64
1156.07,703.064156,0.39184984,0.61
1254,703.064156,0.439342778,0.56
1241.93,724.4267308,0.416692784,0.58
1228.04,724.4267308,0.410095167,0.59
1164.06,651.3451514,0.44045397,0.56
1152.08,662.3529512,0.425080766,0.57
1179.98,642.2174434,0.455738705,0.54
1247.92,651.3451514,0.478055363,0.52
1207.99,651.3451514,0.46080253,0.54
1219.97,635.6447757,0.47896688,0.52
1202.24,625.0808453,0.480069832,0.52
1184.03,587.7165983,0.503630315,0.5
1106.16,597.2331583,0.460084293,0.54
1020.3,597.2331583,0.414649458,0.59
964.39,597.2331583,0.38071407,0.62
940.5,597.2331583,0.364983351,0.64
928.45,607.3264599,0.34587058,0.65
906.49,588.8637556,0.350391338,0.65
914.67,597.2331583,0.347050676,0.65
990.35,607.3264599,0.386755733,0.61
998.34,607.3264599,0.391663702,0.61
1034.28,597.2331583,0.422561436,0.58
1128.12,587.7165983,0.479030069,0.52
1198,616.3211955,0.485541573,0.51
1214.06,642.2174434,0.471016718,0.53
1245.92,670.1797002,0.462100536,0.54
1211.98,693.2116771,0.428033732,0.57
1206.24,655.5632054,0.456523407,0.54
1152.08,684.7040842,0.405680088,0.59
1122.13,684.7040842,0.389817504,0.61
1194.01,634.3356884,0.468735029,0.53
1219.97,608.757258,0.501006371,0.5
1227.95,616.3211955,0.49808934,0.5
1220.05,572.3687544,0.53086451,0.47
993.74,581.6367955,0.414699222,0.59
928.45,576.0207464,0.379588835,0.62
834.61,581.6367955,0.303103491,0.7
793.6,588.8637556,0.257984179,0.74
770.72,581.6367955,0.245333201,0.75
764.79,588.8637556,0.230032093,0.77
742.76,581.6367955,0.216924989,0.78
734.92,565.9447146,0.229923373,0.77
768.72,588.8637556,0.233968473,0.77
776.71,565.9447146,0.271356472,0.73
1038.27,588.8637556,0.432841404,0.57
1064.23,588.8637556,0.44667623,0.55
1074.21,581.6367955,0.458544609,0.54
1094.18,608.757258,0.443640664,0.56
1160.14,608.757258,0.47527259,0.52
1207.99,579.4805571,0.520293581,0.48
1192.27,642.2174434,0.461348987,0.54
1200,628.2108002,0.476491,0.52
1124.13,628.2108002,0.441158229,0.56
1090.18,642.2174434,0.410906966,0.59
1136.11,608.757258,0.464174017,0.54
1237.94,608.757258,0.508249788,0.49
1205.99,600.1490672,0.502359831,0.5
1204.08,608.6788658,0.494486358,0.51
1154.08,588.8637556,0.489754822,0.51
992.54,597.2331583,0.398277996,0.6
858.57,597.2331583,0.304386179,0.7
846.59,588.8637556,0.304428642,0.7
798.67,607.3264599,0.239577723,0.76
784.69,573.9883736,0.268515753,0.73
782.44,565.9447146,0.276692507,0.72
772.87,573.9883736,0.257328692,0.74
758.8,583.6888359,0.230773806,0.77
874.54,547.5794417,0.373865756,0.63
1002.94,565.6676179,0.43599057,0.56
1002.33,565.6676179,0.435647324,0.56
1096.17,573.9883736,0.4763692,0.52
1138.1,588.8637556,0.482590497,0.52
1202.08,608.757258,0.49358008,0.51
1229.95,553.6015655,0.54989913,0.45
1242.18,550.8955691,0.556509065,0.44
1202,550.8955691,0.541684219,0.46
1138.1,533.2797541,0.531429792,0.47
1160.07,533.2797541,0.540303814,0.46
1164.06,539.9058677,0.536187252,0.46
1215.97,557.740563,0.541320458,0.46
1209.98,550.8955691,0.54470688,0.46
1178.13,565.6676179,0.519859763,0.48
1078.41,558.9990335,0.481645169,0.52
900.5,558.9990335,0.379234832,0.62
824.63,565.9447146,0.313698611,0.69
790.68,539.9058677,0.31716261,0.68
794.68,565.9447146,0.287833198,0.71
760.73,558.9990335,0.265180769,0.73
746.76,568.0505864,0.239313051,0.76
722.8,568.0505864,0.214097141,0.79
748.81,575.1087349,0.231969745,0.77
784.85,583.2826403,0.256822781,0.74
958.4,539.054858,0.437547101,0.56
946.42,486.673579,0.485774203,0.51
1008.32,508.1689194,0.49602416,0.5
1052.49,499.7235403,0.525198776,0.47
1164.06,519.5623219,0.553663624,0.45
1176.28,549.8862108,0.532520989,0.47
1162.33,603.262483,0.480988632,0.52
1144.09,631.3913044,0.448127941,0.55
1094.18,638.2096075,0.416723384,0.58
1016.31,648.3218148,0.362082618,0.64
1014.31,621.4631322,0.38730454,0.61
1058.24,596.4917042,0.436336082,0.56
942.43,560.4245351,0.405340943,0.59
908.65,538.09371,0.407809707,0.59
902.58,523.6287658,0.419853347,0.58
902.5,545.7415282,0.395300246,0.6
856.57,514.5331536,0.39930986,0.6
804.66,532.4781456,0.338256971,0.66
786.69,523.2288167,0.33489835,0.67
742.76,523.2288167,0.295561397,0.7
738.77,523.2288167,0.291756816,0.71
722.93,523.2288167,0.276238617,0.72
736.84,494.767453,0.328527967,0.67
794.68,503.5730527,0.36631971,0.63
902.5,503.5730527,0.442024318,0.56
986.36,532.5409561,0.460094736,0.54
1042.26,554.964616,0.467537259,0.53
1072.21,585.1772989,0.454232567,0.55
1130.12,626.1424461,0.445950478,0.55
1136.34,655.2385593,0.423378074,0.58
942.43,721.9480772,0.23395045,0.77
926.54,773.5378363,0.165132821,0.83
890.52,734.7969131,0.174867591,0.83
896.51,772.545776,0.138274223,0.86
907.17,734.7969131,0.190011891,0.81
1042.46,734.7969131,0.295131791,0.7
1132.11,666.9001358,0.410922847,0.59
936.52,684.7828016,0.268800665,0.73
962.49,615.2661359,0.360755815,0.64
934.44,631.7642562,0.323911373,0.68
868.55,600.0625961,0.309121414,0.69
836.61,600.0625961,0.282745131,0.72
790.68,569.9129931,0.279211573,0.72
746.76,569.9129931,0.236819068,0.76
756.88,591.9438056,0.217915911,0.78
748.75,558.0933415,0.254633267,0.75
750.82,558.0933415,0.256688232,0.74
778.7,558.0933415,0.283301218,0.72
826.62,589.983848,0.28626957,0.71
838.6,623.2588853,0.256786447,0.74
1110.15,696.8611891,0.372281954,0.63
1176.04,696.8611891,0.407451116,0.59
1170.29,783.6665031,0.330365548,0.67
1205.99,783.6665031,0.350188225,0.65
1204.08,901.9135085,0.250952172,0.75
1126.12,943.679243,0.162008274,0.84
1020.3,892.6703736,0.125090293,0.87
1030.28,641.9792011,0.376888612,0.62
926.46,684.8709953,0.260765715,0.74
960.4,670.9255883,0.301410258,0.7
936.44,666.9001358,0.287834634,0.71
980.54,638.1421872,0.349193111,0.65
922.55,626.1424461,0.321291587,0.68
896.51,595.5919634,0.335654969,0.66
862.72,611.5625285,0.291122811,0.71
794.68,602.4078375,0.241949165,0.76
764.73,602.4078375,0.212260749,0.79
736.58,591.9438056,0.196361827,0.8
716.87,579.9875772,0.190944555,0.81
728.79,602.4078375,0.173413689,0.83
716.81,567.9589849,0.207657559,0.79
818.64,567.9589849,0.306216426,0.69
924.46,602.4078375,0.348367872,0.65
958.4,602.4078375,0.371444243,0.63
1024.29,631.7642562,0.383217393,0.62
1080.2,750.9691772,0.304786912,0.7
1174.28,765.361167,0.348229411,0.65
1130.2,755.4690915,0.33156159,0.67
1140.1,785.9705815,0.310612594,0.69
1094.18,930.5872301,0.149511753,0.85
1058.24,837.0751458,0.208993096,0.79
1002.33,785.9705815,0.215856473,0.78
1060.23,772.9083512,0.270999357,0.73
1082.2,733.4388375,0.322270525,0.68
1060.23,685.6621615,0.353289228,0.65
1030.57,657.9364752,0.361580023,0.64
996.34,657.9364752,0.339646631,0.66
730.78,622.3733685,0.148343731,0.85
832.61,621.3552674,0.253725913,0.75
814.64,606.1204852,0.25596523,0.74
786.69,564.8415718,0.282002349,0.72
764.73,579.9875772,0.241578626,0.76
766.72,554.964616,0.276183462,0.72
750.75,523.2288167,0.303058519,0.7
752.89,532.5409561,0.292670966,0.71
808.88,579.9875772,0.282974511,0.72
890.52,564.8415718,0.365717141,0.63
956.41,564.8415718,0.40941482,0.59
976.87,584.3923444,0.40177061,0.6
994.34,604.507444,0.392051568,0.61
1046.47,671.0119974,0.358785252,0.64
1098.25,671.0119974,0.389017075,0.61
1102.16,658.3941664,0.402632861,0.6
1056.24,675.0466505,0.360896529,0.64
1006.32,705.4677029,0.298962852,0.7
1016.31,688.9889797,0.32206809,0.68
996.34,648.3218148,0.349296611,0.65
1064.23,659.2785199,0.380511243,0.62
1080.2,641.9792011,0.405684872,0.59
1094.27,653.4047948,0.402885216,0.6
1080.41,626.1424461,0.420458487,0.58
976.37,604.507444,0.380862333,0.62
832.61,584.3923444,0.298119955,0.7
820.63,623.2588853,0.240511698,0.76
778.7,623.2588853,0.199616174,0.8
746.76,600.0625961,0.196445182,0.8
734.78,590.5009507,0.1963568,0.8
740.83,600.0625961,0.190013099,0.81
740.91,613.3276206,0.172196865,0.83
752.75,590.5009507,0.215541746,0.78
926.46,613.3276206,0.337988018,0.66
962.4,575.0803952,0.402451792,0.6
974.38,575.0803952,0.409798646,0.59
1004.33,575.0803952,0.427398967,0.57
1072.21,569.9129931,0.46846887,0.53
1090.27,560.0134079,0.486353465,0.51
1039.47,619.8844469,0.403653355,0.6
850.58,683.7572853,0.196128189,0.8
1048.25,641.1180528,0.388392032,0.61
993.27,629.9816112,0.365749886,0.63
1044.26,683.7572853,0.345223139,0.65
1062.31,658.3093822,0.380303883,0.62
1026.49,615.2661359,0.400611661,0.6
1046.26,631.7642562,0.396168967,0.6
998.34,631.7642562,0.367185271,0.63
832.61,600.0625961,0.279299316,0.72
822.63,622.3733685,0.243434632,0.76
770.72,579.9875772,0.247473042,0.75
764.73,573.1501766,0.25051956,0.75
734.78,602.4078375,0.180152103,0.82
706.89,546.8208332,0.226441408,0.77
700.96,546.8208332,0.219897236,0.78
692.85,567.9589849,0.180256932,0.82
752.75,517.0761668,0.313083804,0.69
776.71,517.0761668,0.334273839,0.67
810.65,602.4078375,0.256882949,0.74
858.57,635.2033643,0.26016124,0.74
1054.24,711.2540731,0.325339512,0.67
1116.14,723.0197992,0.35221406,0.65
1216.23,805.7135388,0.337531932,0.66
1200.08,821.409438,0.315537766,0.68
1104.16,892.6703736,0.191538931,0.81
1052.25,755.4690915,0.282044104,0.72
1034.28,773.5378363,0.25210017,0.75
1133.33,734.7969131,0.351647876,0.65
1149.84,704.1385986,0.387620366,0.61
1122.29,641.9792011,0.427973874,0.57
1100.17,626.9834791,0.430103094,0.57
1102.26,606.1204852,0.450111149,0.55
952.49,622.3733685,0.346582779,0.65
852.58,595.5919634,0.301423956,0.7
802.66,595.5919634,0.257977271,0.74
764.73,564.8415718,0.261384316,0.74
744.76,579.9875772,0.22124231,0.78
732.92,579.9875772,0.208661822,0.79
724.85,537.3223668,0.258712331,0.74
746.76,567.9589849,0.239435716,0.76
734.78,537.3223668,0.268730277,0.73
956.41,558.0933415,0.416470612,0.58
974.38,600.0625961,0.384159572,0.62
1044.26,667.7856866,0.360517796,0.64
1060.23,642.9322104,0.393591758,0.61
1148.32,703.2355427,0.38759619,0.61
1184.03,703.2355427,0.406066111,0.59
1176.12,740.312446,0.370546844,0.63
1158.07,808.4855186,0.301868178,0.7
1094.18,821.409438,0.249292221,0.75
1182.03,760.0115673,0.357028529,0.64
1263.89,696.5998265,0.448844578,0.55
1221.96,661.7121725,0.458482952,0.54
1223.96,641.9792011,0.475490048,0.52
1152.31,615.1935684,0.46612147,0.53
1086.19,575.4520994,0.470210461,0.53
950.51,585.1772989,0.3843544,0.62
872.55,585.1772989,0.329348119,0.67
836.61,569.9129931,0.318782954,0.68
790.68,569.9129931,0.279211573,0.72
727.31,569.9129931,0.216409793,0.78
726.79,591.9438056,0.185536667,0.81
712.81,591.9438056,0.169562989,0.83
730.2,569.9129931,0.219511102,0.78
734.78,558.0933415,0.240461987,0.76
786.69,555.030079,0.294474216,0.71
974.38,564.8415718,0.420306685,0.58
982.36,642.9322104,0.345522812,0.65
1042.26,684.8709953,0.34289813,0.66
1146.32,720.979659,0.371048521,0.63
1152.08,794.2799502,0.310568754,0.69
1110.15,800.0275382,0.279351855,0.72
1072.29,900.7988555,0.159929818,0.84
990.35,814.2659895,0.177799778,0.82
1010.32,837.0751458,0.17147523,0.83
1050.25,800.0275382,0.23825038,0.76
1082.2,752.3712361,0.304776163,0.7
1052.25,696.5998265,0.337990186,0.66
1074.42,691.8258614,0.356093649,0.64
1060.23,655.2385593,0.381984513,0.62
940.43,615.1935684,0.345838001,0.65
862.56,604.9695215,0.298634853,0.7
848.66,604.507444,0.287691839,0.71
782.7,555.6341272,0.290105881,0.71
758.74,555.6341272,0.267688369,0.73
754.74,565.0244009,0.251365502,0.75
738.77,556.8335904,0.246269353,0.75
756.89,581.9408224,0.231142144,0.77
750.75,556.8335904,0.258296916,0.74
992.35,556.8335904,0.438873794,0.56
992.49,583.6888359,0.411894492,0.59
1024.37,618.965601,0.395759734,0.6
1104.16,646.8813274,0.414141676,0.59
1164.29,687.0607605,0.409888636,0.59
1193.77,658.3941664,0.44847486,0.55
1188.02,664.3055481,0.440829659,0.56
1154.08,674.1411457,0.415862726,0.58
1122.13,678.2103054,0.395604515,0.6
1114.23,708.7739282,0.363889028,0.64
1102.16,648.9496267,0.411201979,0.59
1130.12,687.0607605,0.392046189,0.61
1142.1,608.6788658,0.467052915,0.53
1108.37,586.1304377,0.471178002,0.53
1060.23,545.3890152,0.485593678,0.51
988.35,508.1689194,0.48584113,0.51
956.41,517.2130311,0.459214112,0.54
770.72,560.0134079,0.273389288,0.73
764.73,514.1401517,0.327684082,0.67
728.85,523.2905361,0.282032605,0.72
736.77,537.3223668,0.270705421,0.73
728.79,537.3223668,0.262719896,0.74
726.92,523.2905361,0.280126374,0.72
758.74,523.2905361,0.310316398,0.69
814.64,537.3223668,0.340417403,0.66
948.42,537.3223668,0.433455255,0.57
948.42,569.9129931,0.399092182,0.6
720.8,584.3923444,0.189244805,0.81
1034.35,631.7642562,0.389216168,0.61
1130.2,683.7572853,0.395012135,0.6
1110.15,658.3093822,0.407008618,0.59
1148.32,626.1424461,0.454731742,0.55
1060.9,643.8469784,0.393112472,0.61
822.63,574.1735191,0.302027012,0.7
1022.3,574.1735191,0.438351248,0.56
1040.44,560.0134079,0.461753289,0.54
948.42,517.2130311,0.454658241,0.55
854.73,558.0933415,0.347053056,0.65
996.34,583.1317657,0.414726132,0.59
932.61,589.983848,0.367384171,0.63
880.53,551.6116361,0.373545892,0.63
814.64,583.1317657,0.284184713,0.72
756.74,583.1317657,0.229415961,0.77
740.83,551.6116361,0.255414014,0.74
742.76,551.6116361,0.257348759,0.74
750.75,537.3223668,0.284285892,0.72
732.78,589.983848,0.194869063,0.81
782.7,558.0933415,0.286963918,0.71
890.52,589.983848,0.337483888,0.66
828.62,537.0644953,0.351856707,0.65
976.87,501.8500556,0.486267307,0.51
1733.12,649.1560168,0.625440814,0.37
892.59,530.8270193,0.405295803,0.59
968.39,530.8270193,0.451845827,0.55
1116.14,530.8270193,0.524408211,0.48
968.39,477.4762713,0.50693804,0.49
958.4,517.0761668,0.460479793,0.54
840.75,512.4749187,0.390455048,0.61
860.57,523.2288167,0.391997378,0.61
896.51,532.4781456,0.406054427,0.59
894.51,512.4144749,0.427156236,0.57
1094.27,535.5188805,0.510615405,0.49
866.56,564.6729231,0.348374119,0.65
867.61,556.4872078,0.358597518,0.64
832.61,546.8208332,0.343244937,0.66
820.63,530.8270193,0.353146949,0.65
1469.5,497.7245469,0.661296668,0.34
746.76,530.8270193,0.289159811,0.71
1417.76,530.8270193,0.625587533,0.37
718.8,530.8270193,0.261509433,0.74
706.82,511.0708355,0.276943443,0.72
750.75,497.7245469,0.337030241,0.66
577.18,480.8940567,0.166821344,0.83
810.65,480.8940567,0.406779675,0.59
862.56,494.767453,0.426396479,0.57
834.61,494.767453,0.407187246,0.59
896.59,486.5447961,0.457338587,0.54
878.54,480.8940567,0.45262133,0.55
862.56,508.1689194,0.410859628,0.59
856.57,514.1401517,0.399768668,0.6
1048.25,514.1401517,0.509525255,0.49
993.27,505.5955353,0.490978752,0.51
864.56,480.8940567,0.443770176,0.56
906.49,489.0212155,0.460533249,0.54
894.51,497.7245469,0.443578555,0.56
934.54,511.0708355,0.453131128,0.55
902.5,497.7245469,0.448504657,0.55
874.54,489.7935982,0.439941457,0.56
806.66,522.3686021,0.352430265,0.65
760.73,531.0818958,0.301878596,0.7
714.81,517.2130311,0.276432855,0.72
724.79,531.0818958,0.267261006,0.73
716.86,531.0818958,0.25915535,0.74
717.66,522.6194174,0.27177296,0.73
692.85,522.6194174,0.245696157,0.75
762.73,522.6194174,0.314804167,0.69
793.6,522.6194174,0.341457387,0.66
810.65,551.6116361,0.319544025,0.68
854.58,480.8940567,0.437274384,0.56
840.61,530.8270193,0.368521646,0.63
894.51,489.7935982,0.452444804,0.55
896.59,441.1287092,0.507992829,0.49
892.51,435.71486,0.511809548,0.49
862.56,403.1597342,0.532600939,0.47
842.6,418.8223068,0.502940533,0.5
830.62,424.7749444,0.488604964,0.51
844.59,462.3263612,0.45260261,0.55
892.67,470.5545921,0.47286837,0.53
902.5,454.6428504,0.496240609,0.5
896.51,461.3304739,0.485415139,0.51
876.54,469.1270062,0.464796808,0.54
832.7,469.1270062,0.436619423,0.56
652.91,461.3304739,0.293424095,0.71
742.76,462.3263612,0.377556194,0.62
756.74,461.3304739,0.390371232,0.61
744.9,461.3304739,0.380681335,0.62
728.79,431.9536845,0.407300204,0.59
736.77,439.6413592,0.403285477,0.6
732.78,439.6413592,0.400036356,0.6
772.78,490.2796104,0.365563795,0.63
788.69,490.2796104,0.378362081,0.62
850.58,470.5545921,0.446783851,0.55
838.6,494.767453,0.410007807,0.59
842.75,545.7415282,0.352427733,0.65
1092.11,567.3879283,0.480466319,0.52
1080.2,577.4178759,0.465452809,0.53
1030.28,620.479172,0.397756754,0.6
994.61,670.7943781,0.325570447,0.67
960.4,675.2596103,0.296897532,0.7
878.71,635.3193288,0.276986345,0.72
862.56,635.3193288,0.263449118,0.74
888.52,645.1764323,0.273875172,0.73
918.47,639.9331176,0.303261818,0.7
908.49,563.1279346,0.380149551,0.62
896.6,549.9268501,0.386653078,0.61
864.56,532.4781456,0.384105041,0.62
746.76,517.0761668,0.30757383,0.69
680.87,526.2167329,0.227140669,0.77
666.89,509.2320792,0.236407685,0.76
660.9,517.0761668,0.217618147,0.78
674.88,483.1723291,0.284061864,0.72
732.78,538.330561,0.265358551,0.73
750.82,501.8500556,0.331597379,0.67
788.83,501.8500556,0.363804552,0.64
826.62,501.8500556,0.392889047,0.61
880.53,537.0644953,0.390066783,0.61
804.66,567.9589849,0.294162771,0.71
1120.13,635.2033643,0.432919961,0.57
1066.22,600.0625961,0.437205646,0.56
916.47,642.9322104,0.298468897,0.7
834.61,653.4047948,0.217113628,0.78
842.83,740.312446,0.121634913,0.88
862.56,723.0197992,0.161774486,0.84
899.92,672.8951761,0.252272229,0.75
914.48,704.1385986,0.23001203,0.77
894.51,686.5831413,0.232447774,0.77
883.97,668.7872483,0.243427663,0.76
886.77,680.5835019,0.232514066,0.77
872.55,646.4321129,0.259146051,0.74
826.62,611.2690278,0.260519915,0.74
836.61,602.4078375,0.279941864,0.72
756.74,567.9589849,0.249466151,0.75
724.79,567.9589849,0.216381317,0.78
700.83,567.9589849,0.189590935,0.81
680.87,537.0644953,0.211208461,0.79
668.89,600.4132329,0.102373734,0.9
706.82,567.7533739,0.196749704,0.8
718.93,567.7533739,0.210280036,0.79
762.8,705.955796,0.074520456,0.93
834.61,558.0933415,0.33131242,0.67
834.61,623.2588853,0.253233384,0.75
868.55,670.9255883,0.227533719,0.77
864.56,750.9691772,0.131385702,0.87
1138.1,772.545776,0.321196928,0.68
1092.18,755.4690915,0.308292505,0.69
1072.43,785.9705815,0.267112463,0.73
992.35,878.3245608,0.114904458,0.89
930.45,734.7969131,0.210277916,0.79
968.46,734.7969131,0.241272832,0.76
1004.33,704.1385986,0.298897177,0.7
994.34,717.6331012,0.278281975,0.72
926.46,787.8648698,0.149596453,0.85
900.5,655.2537199,0.272344564,0.73
894.66,622.3733685,0.304346491,0.7
828.62,622.3733685,0.248903757,0.75
767.94,646.4321129,0.158225756,0.84
732.85,602.4078375,0.17799299,0.82
714.16,602.4078375,0.156480568,0.84
731.96,589.983848,0.193967091,0.81
736.77,558.0933415,0.242513482,0.76
736.77,517.0761668,0.298185096,0.7
770.72,546.5584032,0.290846996,0.71
786.76,537.0644953,0.317371886,0.68
812.65,558.0933415,0.313242673,0.69
844.59,600.0625961,0.289522021,0.71
876.54,642.9322104,0.266511271,0.73
882.7,696.8611891,0.210534509,0.79
906.49,703.2355427,0.2242214,0.78
1142.1,805.7135388,0.294533282,0.71
1042.26,783.6665031,0.248108434,0.75
870.55,723.0197992,0.169467809,0.83
846.66,704.1385986,0.168333689,0.83
908.49,704.1385986,0.224935224,0.78
1124.13,574.1735191,0.489228542,0.51
1138.33,523.2905361,0.540299793,0.46
1054.24,581.6615377,0.448264591,0.55
886.52,555.030079,0.373922665,0.63
918.47,569.9129931,0.379497433,0.62
820.63,569.9129931,0.30551772,0.69
779.19,569.9129931,0.268582768,0.73
752.75,569.9129931,0.242892072,0.76
706.89,569.9129931,0.193774147,0.81
709.61,581.6615377,0.180308144,0.82
698.84,581.6615377,0.167675666,0.83
720.93,551.6116361,0.234861032,0.77
734.78,625.7685915,0.148359248,0.85
787.17,589.983848,0.250500085,0.75
808.65,581.6615377,0.280700504,0.72
854.58,613.3276206,0.282305202,0.72
878.34,656.186019,0.252924814,0.75
970.38,641.1180528,0.33931238,0.66
1154.08,704.1385986,0.389870201,0.61
1134.11,655.2385593,0.422244263,0.58
1098.17,672.8951761,0.387257732,0.61
1018.3,507.3226779,0.501794483,0.5
844.59,555.030079,0.342840812,0.66
840.6,615.2661359,0.268063126,0.73
880.78,631.7642562,0.282721842,0.72
896.51,595.5919634,0.335654969,0.66
894.51,611.5625285,0.316315605,0.68
894.51,564.8415718,0.368546387,0.63
842.6,579.9875772,0.311669146,0.69
822.63,579.9875772,0.294959365,0.71
784.69,567.9589849,0.276199538,0.72
750.75,567.9589849,0.243477876,0.76
730.98,567.9589849,0.223017066,0.78
700.83,558.0933415,0.20366802,0.8
714.81,558.0933415,0.219242398,0.78
708.82,561.1594767,0.208318788,0.79
738.77,561.1594767,0.240413827,0.76
764.73,537.0644953,0.29770704,0.7
816.64,567.9589849,0.304517309,0.7
806.66,602.4078375,0.253207253,0.75
836.76,635.2033643,0.240877475,0.76
904.57,684.7828016,0.242974229,0.76
832.61,684.8709953,0.177440824,0.82
1100.17,775.7266991,0.294902879,0.71
1040.51,755.4690915,0.273943459,0.73
930.45,781.2729526,0.160327849,0.84
879.94,717.6331012,0.184452234,0.82
854.66,717.6331012,0.160329135,0.84
896.51,673.6725078,0.248561078,0.75
870.55,639.9331176,0.264909405,0.74
886.52,651.3222962,0.265304453,0.73
896.51,622.3733685,0.305782012,0.69
866.56,579.9875772,0.33070119,0.67
812.65,588.518974,0.275802653,0.72
766.86,567.9589849,0.2593707,0.74
728.79,567.9589849,0.220682247,0.78
716.87,567.9589849,0.207723876,0.79
692.85,567.7533739,0.180553693,0.82
684.86,567.9589849,0.170693302,0.83
706.82,600.4132329,0.150542949,0.85
736.77,567.7533739,0.229402155,0.77
748.75,705.955796,0.057154196,0.94
804.81,591.9438056,0.264492482,0.74
856.57,623.2588853,0.27237834,0.73
870.55,655.2537199,0.247310643,0.75
964.47,666.9001358,0.308532006,0.69
1124.13,666.9001358,0.406741092,0.59
1136.11,691.8258614,0.391057326,0.61
1078.2,673.6725078,0.375187806,0.62
914.48,691.8258614,0.243476225,0.76
589.02,736.8761516,0.251020596,0.75
950.42,717.6331012,0.244930556,0.76
1142.32,685.6621615,0.399763498,0.6
1026.29,638.1421872,0.378204808,0.62
911.99,610.4900995,0.330595621,0.67
918.47,606.1204852,0.340075903,0.66
914.48,573.1501766,0.373250179,0.63
829.75,579.9875772,0.301009247,0.7
802.8,546.8208332,0.318857956,0.68
