reality,predict,mape
381.42,523.9334716796875,0.37
379.37,523.9334716796875,0.38
381.36,524.855712890625,0.38
373.38,523.2884521484375,0.4
373.38,524.3002319335938,0.4
417.36,523.9334716796875,0.26
417.3,523.9334716796875,0.26
483.19,524.99169921875,0.09
533.19,527.921630859375,0.01
551.08,540.469970703125,0.02
589.02,549.6692504882812,0.07
706.82,557.041748046875,0.21
910.48,564.4320068359375,0.38
519.13,577.068603515625,0.11
479.27,584.0213623046875,0.22
491.18,573.198974609375,0.17
868.72,566.5201416015625,0.35
782.7,562.48681640625,0.28
896.51,550.6590576171875,0.39
894.51,541.2609252929688,0.39
684.86,531.3435668945312,0.22
650.92,533.0452880859375,0.18
555.07,533.0452880859375,0.04
505.23,533.0452880859375,0.06
391.4,531.3435668945312,0.36
367.79,533.0452880859375,0.45
355.41,533.4309692382812,0.5
369.38,531.7296142578125,0.44
377.37,531.7296142578125,0.41
383.77,531.7296142578125,0.39
411.43,535.3784790039062,0.3
445.26,542.0765991210938,0.22
455.24,548.8828125,0.21
493.18,554.9290161132812,0.13
529.12,557.7197875976562,0.05
525.12,542.8349609375,0.03
503.16,534.2625732421875,0.06
519.21,536.133056640625,0.03
529.12,542.4976806640625,0.03
543.09,542.8349609375,0.0
880.61,542.8349609375,0.38
1014.31,542.8349609375,0.46
692.85,538.4254150390625,0.22
1016.31,536.5040893554688,0.47
1086.19,536.5040893554688,0.51
686.86,541.7559814453125,0.21
543.17,532.11328125,0.02
481.2,528.9231567382812,0.1
407.32,529.8658447265625,0.3
425.35,526.7144165039062,0.24
387.35,526.7144165039062,0.36
648.92,525.702880859375,0.19
499.17,525.702880859375,0.05
503.16,526.7144165039062,0.05
413.36,525.702880859375,0.27
448.92,526.9010009765625,0.17
461.3,527.9152221679688,0.14
491.18,530.718017578125,0.08
505.16,542.0860595703125,0.07
531.11,539.4971923828125,0.02
514.56,548.7026977539062,0.07
483.19,557.041748046875,0.15
457.24,562.48681640625,0.23
469.22,566.5201416015625,0.21
493.18,567.2008666992188,0.15
501.16,563.1724853515625,0.12
515.22,552.0072021484375,0.07
543.09,543.0869140625,0.0
525.19,528.208251953125,0.01
537.1,529.95263671875,0.01
738.77,528.59130859375,0.28
417.3,528.59130859375,0.27
399.33,526.2991333007812,0.32
397.34,524.384521484375,0.32
363.39,523.5828247070312,0.44
369.44,523.5828247070312,0.42
397.39,522.98681640625,0.32
437.27,523.6166381835938,0.2
419.3,524.125244140625,0.25
475.21,526.2847900390625,0.11
493.18,531.5009155273438,0.08
537.1,551.1910400390625,0.03
606.99,566.5201416015625,0.07
1044.26,573.3148193359375,0.45
822.78,578.6083984375,0.3
535.18,575.78515625,0.08
493.47,574.2216796875,0.16
473.21,567.705810546875,0.2
511.15,563.996337890625,0.1
545.09,556.0178833007812,0.02
832.61,539.2020874023438,0.35
812.52,531.2521362304688,0.35
610.98,530.7415771484375,0.13
601.0,527.9077758789062,0.12
495.17,529.4405517578125,0.07
583.03,526.8829956054688,0.1
597.0,523.6261596679688,0.12
441.26,520.9535522460938,0.18
443.26,518.53076171875,0.17
445.32,517.6442260742188,0.16
451.3,517.6442260742188,0.15
463.23,518.53076171875,0.12
429.28,518.53076171875,0.21
477.2,523.689453125,0.1
503.16,532.6009521484375,0.06
505.16,544.2487182617188,0.08
533.11,550.3396606445312,0.03
537.1,555.79931640625,0.03
570.17,560.2403564453125,0.02
513.22,569.0504760742188,0.11
504.97,566.8905639648438,0.12
481.2,569.8683471679688,0.18
521.13,563.726318359375,0.08
537.1,559.2593383789062,0.04
525.12,552.9385986328125,0.05
527.35,544.2487182617188,0.03
570.9,541.7684326171875,0.05
579.11,529.9075317382812,0.08
531.11,528.65771484375,0.0
493.18,529.9993896484375,0.07
796.74,529.9993896484375,0.33
543.09,524.9425048828125,0.03
451.25,524.4618530273438,0.16
405.32,524.8509521484375,0.29
451.25,524.8509521484375,0.16
461.23,523.8438110351562,0.14
461.23,524.1636962890625,0.14
529.12,526.12060546875,0.01
551.08,529.6336669921875,0.04
555.15,532.8040771484375,0.04
577.04,542.5068359375,0.06
644.93,560.3427734375,0.13
816.64,559.80615234375,0.31
569.05,561.1196899414062,0.01
527.12,564.0846557617188,0.07
525.12,563.552734375,0.07
581.03,563.7542114257812,0.03
628.95,557.041748046875,0.11
912.48,552.0072021484375,0.4
694.84,545.3836059570312,0.22
583.19,540.1831665039062,0.07
573.04,539.4971923828125,0.06
511.15,531.2015380859375,0.04
437.27,527.342041015625,0.21
399.33,527.342041015625,0.32
367.39,524.4756469726562,0.43
375.37,524.99169921875,0.4
367.85,523.0231323242188,0.42
369.38,522.5016479492188,0.41
419.35,522.8638305664062,0.25
435.27,524.4756469726562,0.2
499.17,527.342041015625,0.06
928.82,533.847900390625,0.43
770.72,539.6554565429688,0.3
587.87,551.3004150390625,0.06
668.89,555.1929321289062,0.17
652.91,568.9014892578125,0.13
622.96,575.4989624023438,0.08
591.01,581.6246948242188,0.02
613.07,579.3909301757812,0.05
608.99,573.198974609375,0.06
878.54,563.7542114257812,0.36
976.46,556.0256958007812,0.43
678.87,552.796630859375,0.19
670.88,549.2210693359375,0.18
555.07,541.07958984375,0.03
962.4,540.529296875,0.44
537.18,532.1456909179688,0.01
505.16,527.5313720703125,0.04
411.31,528.9418334960938,0.29
405.32,526.5075073242188,0.3
405.32,527.5313720703125,0.3
419.36,527.5313720703125,0.26
427.29,526.5075073242188,0.23
421.3,527.5313720703125,0.25
517.14,540.1831665039062,0.04
571.12,549.3912353515625,0.04
745.26,573.3148193359375,0.23
988.35,574.4193115234375,0.42
656.99,586.9064331054688,0.11
714.81,573.8632202148438,0.2
682.86,564.4067993164062,0.17
670.75,566.6001586914062,0.16
676.87,556.60595703125,0.18
694.84,553.232421875,0.2
626.96,535.382080078125,0.15
1010.32,531.3435668945312,0.47
820.63,530.0198364257812,0.35
642.93,526.53076171875,0.18
654.99,525.9449462890625,0.2
575.12,526.989501953125,0.08
447.25,526.7415771484375,0.18
413.31,526.7415771484375,0.27
407.32,526.7415771484375,0.29
379.37,526.7415771484375,0.39
373.38,527.7904052734375,0.41
393.34,526.7415771484375,0.34
399.33,528.248046875,0.32
429.28,529.3048095703125,0.23
471.35,527.7904052734375,0.12
471.21,528.841796875,0.12
509.15,528.841796875,0.04
561.06,528.841796875,0.06
543.09,529.95263671875,0.02
557.07,539.6554565429688,0.03
535.11,547.0054931640625,0.02
531.11,543.0869140625,0.02
1000.33,552.0072021484375,0.45
710.57,543.0869140625,0.24
704.83,543.0869140625,0.23
616.97,539.4971923828125,0.13
668.89,533.0106811523438,0.2
658.9,527.921630859375,0.2
639.33,526.8933715820312,0.18
585.1,526.0125122070312,0.1
810.65,526.0125122070312,0.35
583.09,526.0125122070312,0.1
483.19,524.855712890625,0.09
469.22,523.0231323242188,0.11
441.26,523.9334716796875,0.19
455.24,523.2884521484375,0.15
483.19,523.2884521484375,0.08
780.85,524.855712890625,0.33
758.74,526.9010009765625,0.31
553.08,533.668212890625,0.04
579.03,540.1831665039062,0.07
595.01,556.60595703125,0.06
535.18,561.672119140625,0.05
513.14,567.745849609375,0.11
519.13,564.4067993164062,0.09
505.23,567.745849609375,0.12
880.53,561.1249389648438,0.36
756.74,555.92041015625,0.27
754.74,548.7026977539062,0.27
740.77,541.2609252929688,0.27
744.76,535.244140625,0.28
720.89,537.3228149414062,0.25
628.95,535.244140625,0.15
585.61,531.6858520507812,0.09
507.15,537.46728515625,0.06
449.25,537.46728515625,0.2
415.31,535.3784790039062,0.29
385.36,535.5288696289062,0.39
385.42,530.3947143554688,0.38
403.05,530.3947143554688,0.32
437.27,530.3947143554688,0.21
449.25,535.7076416015625,0.19
535.11,533.967041015625,0.0
535.11,535.7076416015625,0.0
579.03,538.009521484375,0.07
654.91,536.133056640625,0.18
1088.19,542.4976806640625,0.5
780.83,542.4976806640625,0.31
587.02,552.3353271484375,0.06
579.11,553.55419921875,0.04
595.01,533.40966796875,0.1
636.94,528.45361328125,0.17
700.83,528.45361328125,0.25
960.4,529.2615966796875,0.45
854.58,525.3875732421875,0.39
649.01,525.6681518554688,0.19
636.94,524.9598999023438,0.18
575.04,524.071533203125,0.09
549.08,524.071533203125,0.05
581.03,523.1838989257812,0.1
650.98,522.1024780273438,0.2
419.3,519.7139282226562,0.24
427.29,520.19580078125,0.22
427.29,519.6007080078125,0.22
439.3,518.90576171875,0.18
467.22,519.2338256835938,0.11
551.08,523.467529296875,0.05
503.16,532.071533203125,0.06
505.16,547.5990600585938,0.08
533.11,559.855712890625,0.05
649.02,568.2523193359375,0.12
650.92,575.373291015625,0.12
652.91,594.3973999023438,0.09
640.93,588.6746215820312,0.08
622.96,591.8980712890625,0.05
620.97,590.0404052734375,0.05
630.95,590.0404052734375,0.06
618.97,574.709228515625,0.07
630.95,559.8311157226562,0.11
639.11,542.7440185546875,0.15
644.93,535.94091796875,0.17
583.03,529.3206176757812,0.09
521.13,527.5369873046875,0.01
946.42,522.0714111328125,0.45
604.99,523.0764770507812,0.14
483.19,522.1490478515625,0.08
483.19,522.1490478515625,0.08
491.25,520.4163818359375,0.06
533.11,520.4707641601562,0.02
483.26,524.6102294921875,0.09
1016.31,535.3504638671875,0.47
648.92,563.6397094726562,0.13
708.82,572.6813354492188,0.19
1134.11,589.1339111328125,0.48
978.55,596.0943603515625,0.39
700.94,602.5746459960938,0.14
608.99,598.1331176757812,0.02
581.11,608.6368408203125,0.05
812.65,607.9652099609375,0.25
1096.17,597.8646850585938,0.45
889.1,596.9251098632812,0.33
676.87,577.068603515625,0.15
627.05,569.8465576171875,0.09
597.0,562.40478515625,0.06
1054.24,563.0791625976562,0.47
920.47,568.61376953125,0.38
858.57,559.99853515625,0.35
555.07,559.99853515625,0.01
521.2,550.6273803710938,0.06
483.19,550.6273803710938,0.14
367.85,547.941162109375,0.49
369.38,550.6273803710938,0.49
419.35,550.6273803710938,0.31
435.27,547.2333374023438,0.26
499.17,552.6475830078125,0.11
928.82,558.65576171875,0.4
650.92,566.5839233398438,0.13
888.52,557.7213134765625,0.37
1184.03,576.84228515625,0.51
1054.54,584.44970703125,0.45
726.79,585.7561645507812,0.19
692.85,585.7561645507812,0.15
1104.16,582.8486328125,0.47
1154.26,576.84228515625,0.5
874.54,570.5831298828125,0.35
706.58,564.454833984375,0.2
668.89,560.1266479492188,0.16
734.87,560.1266479492188,0.24
1152.08,550.9061279296875,0.52
962.4,548.2129516601562,0.43
537.18,548.2129516601562,0.02
478.55,548.2129516601562,0.15
439.33,548.2129516601562,0.25
425.29,540.5452880859375,0.27
419.3,540.5452880859375,0.29
425.29,542.8349609375,0.28
475.21,542.8349609375,0.14
964.39,548.2129516601562,0.43
778.84,552.2578125,0.29
585.02,558.899169921875,0.04
954.41,561.6726684570312,0.41
1084.27,554.189697265625,0.49
694.84,542.2647705078125,0.22
692.85,542.2647705078125,0.22
968.39,545.10107421875,0.44
1036.27,544.0678100585938,0.47
968.39,542.1251220703125,0.44
718.65,544.0678100585938,0.24
626.96,544.0678100585938,0.13
1010.32,546.355712890625,0.46
1114.14,536.133056640625,0.52
948.42,534.2625732421875,0.44
710.82,534.4090576171875,0.25
660.9,537.9658203125,0.19
585.11,532.11328125,0.09
744.08,530.3947143554688,0.29
692.85,528.42578125,0.24
483.19,529.4612426757812,0.1
483.19,527.8959350585938,0.09
497.17,526.53076171875,0.06
525.12,526.53076171875,0.0
487.03,526.989501953125,0.08
519.13,528.841796875,0.02
682.86,531.3590698242188,0.22
984.36,545.6773071289062,0.45
872.62,550.1187744140625,0.37
626.96,556.51513671875,0.11
587.02,564.6837158203125,0.04
595.1,560.9920654296875,0.06
593.01,562.6334228515625,0.05
656.91,571.7000122070312,0.13
1044.26,562.6334228515625,0.46
960.4,556.297119140625,0.42
932.45,557.1096801757812,0.4
700.83,549.2393798828125,0.22
652.99,542.731201171875,0.17
670.88,534.4522094726562,0.2
633.04,530.281494140625,0.16
485.19,526.5411376953125,0.09
459.23,524.511474609375,0.14
419.3,524.511474609375,0.25
407.32,523.4600219726562,0.29
415.31,523.0764770507812,0.26
421.3,522.0714111328125,0.24
435.27,523.8438110351562,0.2
443.32,525.7971801757812,0.19
501.53,527.1627197265625,0.05
768.72,538.6077880859375,0.3
918.47,546.362060546875,0.41
656.91,557.112548828125,0.15
608.99,564.6837158203125,0.07
593.08,567.8253173828125,0.04
852.0,575.523193359375,0.32
880.71,574.167724609375,0.35
587.02,571.0166015625,0.03
604.99,572.1666259765625,0.05
754.74,561.672119140625,0.26
972.38,552.687255859375,0.43
676.87,546.750244140625,0.19
652.91,544.449462890625,0.17
614.98,539.4971923828125,0.12
565.13,536.4177856445312,0.05
545.17,535.843505859375,0.02
467.22,535.843505859375,0.15
413.31,535.843505859375,0.3
423.29,533.8856811523438,0.26
401.33,532.1170654296875,0.33
431.28,532.1170654296875,0.23
437.27,533.8856811523438,0.22
479.2,532.4849853515625,0.11
688.85,534.2343139648438,0.22
1058.53,538.63525390625,0.49
694.84,538.63525390625,0.22
656.91,542.9033203125,0.17
1078.2,542.4976806640625,0.5
736.77,534.6910400390625,0.27
667.07,532.90234375,0.2
636.94,538.4254150390625,0.15
625.04,536.2574462890625,0.14
900.67,538.4254150390625,0.4
1092.18,534.4974975585938,0.51
892.51,536.2574462890625,0.4
670.54,534.4974975585938,0.2
686.86,536.2574462890625,0.22
1046.26,536.2574462890625,0.49
609.07,536.2574462890625,0.12
489.18,534.4974975585938,0.09
439.27,532.7078247070312,0.21
411.38,532.90234375,0.3
421.3,536.2574462890625,0.27
413.31,532.90234375,0.29
427.29,532.90234375,0.25
459.23,534.6910400390625,0.16
702.83,534.6910400390625,0.24
914.65,534.6910400390625,0.42
634.94,536.2574462890625,0.16
828.62,536.2574462890625,0.35
1062.23,554.189697265625,0.48
1062.32,564.9330444335938,0.47
856.57,578.6124877929688,0.32
736.77,582.84130859375,0.21
638.94,586.6361083984375,0.08
1014.52,582.1840209960938,0.43
1066.22,582.84130859375,0.45
902.5,580.8739624023438,0.36
670.88,574.6591186523438,0.14
662.9,561.05859375,0.15
588.56,551.70556640625,0.06
892.51,543.7697143554688,0.39
924.46,535.9766845703125,0.42
551.08,533.8856811523438,0.03
503.23,532.1170654296875,0.06
658.9,532.4849853515625,0.19
583.1,530.9302978515625,0.09
461.23,527.5057373046875,0.14
491.18,527.5057373046875,0.07
447.38,532.4410400390625,0.19
443.26,533.8856811523438,0.2
848.59,536.1204223632812,0.37
862.56,544.5771484375,0.37
589.02,547.2706298828125,0.07
954.41,562.0177001953125,0.41
1054.24,598.5343017578125,0.43
1004.33,599.0729370117188,0.4
608.99,599.8816528320312,0.01
571.05,593.6864013671875,0.04
629.05,595.951904296875,0.05
996.41,585.7830200195312,0.41
998.34,582.6815185546875,0.42
684.86,572.047119140625,0.16
649.01,555.635498046875,0.14
686.86,545.00830078125,0.21
648.92,542.1806640625,0.16
606.99,535.8740234375,0.12
650.92,521.7793579101562,0.2
848.59,522.75634765625,0.38
591.11,522.75634765625,0.12
466.64,521.3892211914062,0.12
397.34,522.3768310546875,0.31
399.33,519.6470336914062,0.3
419.3,518.6258544921875,0.24
553.08,521.8953247070312,0.06
846.59,535.3950805664062,0.37
589.02,545.3690795898438,0.07
589.08,556.1046142578125,0.06
966.39,563.7252807617188,0.42
920.47,562.7669677734375,0.39
768.72,567.0108032226562,0.26
609.06,567.4180297851562,0.07
527.12,570.6070556640625,0.08
515.14,570.6070556640625,0.11
784.83,568.232666015625,0.28
912.48,561.401123046875,0.38
624.96,556.51513671875,0.11
571.05,543.3515625,0.05
569.05,534.3524780273438,0.06
559.07,535.740478515625,0.04
527.12,532.071533203125,0.01
477.28,531.0936279296875,0.11
431.28,526.0516967773438,0.22
397.39,525.1746826171875,0.32
399.33,524.6102294921875,0.31
371.38,524.3002319335938,0.41
391.35,523.2884521484375,0.34
405.32,523.2884521484375,0.29
439.27,524.99169921875,0.2
698.84,531.2015380859375,0.24
946.42,537.2389526367188,0.43
614.61,550.3472900390625,0.1
792.82,562.5574951171875,0.29
622.96,564.974853515625,0.09
628.95,572.1409912109375,0.09
581.03,575.504150390625,0.01
1004.33,578.5476684570312,0.42
653.82,572.1409912109375,0.12
649.02,565.5177001953125,0.13
766.72,567.2008666992188,0.26
966.48,554.6869506835938,0.43
906.49,545.3836059570312,0.4
670.88,538.6741333007812,0.2
628.95,538.6741333007812,0.14
571.05,536.4177856445312,0.06
477.2,536.4177856445312,0.12
453.3,538.6741333007812,0.19
433.28,535.7110595703125,0.24
391.35,535.7110595703125,0.37
706.82,535.843505859375,0.24
656.91,535.843505859375,0.18
493.25,533.7258911132812,0.08
469.22,533.8856811523438,0.14
738.77,535.9766845703125,0.27
942.43,538.1209716796875,0.43
619.07,535.9766845703125,0.13
620.97,542.8690795898438,0.13
571.05,544.5771484375,0.05
962.4,544.5771484375,0.43
898.5,541.9295043945312,0.4
616.97,541.9295043945312,0.12
624.28,544.5771484375,0.13
684.86,546.4271850585938,0.2
1062.23,546.4271850585938,0.49
1072.43,544.5771484375,0.49
754.74,544.5771484375,0.28
730.78,542.8690795898438,0.26
650.92,536.105224609375,0.18
937.3,536.105224609375,0.43
634.94,535.9766845703125,0.16
467.22,538.1209716796875,0.15
397.39,535.9766845703125,0.35
393.34,535.9766845703125,0.36
391.35,535.9766845703125,0.37
399.33,532.1170654296875,0.33
427.29,530.5681762695312,0.24
421.3,530.9302978515625,0.26
798.74,536.1204223632812,0.33
668.89,541.1248779296875,0.19
577.04,549.9546508789062,0.05
655.01,547.2706298828125,0.16
980.37,544.9293212890625,0.44
980.37,544.9293212890625,0.44
936.44,559.3263549804688,0.4
658.9,566.0571899414062,0.14
559.07,566.0571899414062,0.01
638.94,559.99853515625,0.12
720.88,557.2569580078125,0.23
720.8,563.0791625976562,0.22
936.61,553.997314453125,0.41
1106.16,551.1910400390625,0.5
846.59,538.7080078125,0.36
604.86,535.843505859375,0.11
547.09,535.843505859375,0.02
872.61,535.843505859375,0.39
589.02,529.0377197265625,0.1
471.21,529.0377197265625,0.12
473.21,529.0377197265625,0.12
461.91,529.0377197265625,0.15
485.19,529.0377197265625,0.09
501.16,529.0377197265625,0.06
878.54,535.843505859375,0.39
768.72,538.7080078125,0.3
541.1,550.6273803710938,0.02
585.02,564.6060791015625,0.03
1048.54,572.9282836914062,0.45
954.41,578.90673828125,0.39
610.98,585.0755615234375,0.04
549.08,583.2699584960938,0.06
565.06,583.2699584960938,0.03
1024.29,583.2699584960938,0.43
1028.29,577.068603515625,0.44
644.93,570.384765625,0.12
626.96,557.041748046875,0.11
604.99,552.687255859375,0.09
750.96,546.0669555664062,0.27
926.46,547.98486328125,0.41
776.71,546.362060546875,0.3
525.12,536.7176513671875,0.02
465.22,536.7176513671875,0.15
453.24,536.0341186523438,0.18
445.26,536.0341186523438,0.2
474.56,530.3203125,0.12
511.21,529.6336669921875,0.04
495.25,537.92333984375,0.09
752.75,545.130615234375,0.28
954.41,545.6773071289062,0.43
638.94,560.0374145507812,0.12
678.87,569.380615234375,0.16
941.95,582.900390625,0.38
970.57,582.4954833984375,0.4
692.85,592.7383422851562,0.14
601.0,589.1339111328125,0.02
776.71,579.0855712890625,0.25
892.59,584.83447265625,0.34
664.89,579.561279296875,0.13
798.67,567.8253173828125,0.29
1076.21,567.8253173828125,0.47
950.42,563.314453125,0.41
904.49,557.154541015625,0.38
848.74,546.0669555664062,0.36
712.81,546.0669555664062,0.23
499.17,543.0869140625,0.09
471.21,545.3836059570312,0.16
437.34,544.5648193359375,0.25
483.19,542.2698974609375,0.12
840.6,542.2698974609375,0.35
782.7,542.2698974609375,0.31
796.83,541.3195190429688,0.32
840.6,542.7985229492188,0.35
664.89,540.503662109375,0.19
670.88,547.2333374023438,0.18
698.84,555.0109252929688,0.21
927.36,568.5028686523438,0.39
1098.17,571.3064575195312,0.48
752.75,571.3064575195312,0.24
587.11,570.6338500976562,0.03
838.6,567.83203125,0.32
1078.2,561.05859375,0.48
1050.25,545.4911499023438,0.48
749.77,540.597900390625,0.28
752.75,542.4976806640625,0.28
992.62,538.4254150390625,0.46
748.75,542.3255004882812,0.28
628.95,538.2747802734375,0.14
894.51,534.2625732421875,0.4
533.11,532.4849853515625,0.0
487.19,534.2625732421875,0.1
425.29,534.2625732421875,0.26
397.34,534.2625732421875,0.34
407.37,534.2625732421875,0.31
888.52,534.2625732421875,0.4
607.05,532.90234375,0.12
553.08,536.2574462890625,0.03
597.0,542.8349609375,0.09
601.0,548.2129516601562,0.09
914.48,554.9839477539062,0.39
1054.24,550.9061279296875,0.48
1016.31,553.26953125,0.46
732.9,560.1266479492188,0.24
638.94,554.9839477539062,0.13
650.92,564.454833984375,0.13
766.8,557.7213134765625,0.27
1120.13,551.70556640625,0.51
1019.75,551.70556640625,0.46
800.67,546.4271850585938,0.32
652.91,546.4271850585938,0.16
664.89,543.7697143554688,0.18
774.71,542.3255004882812,0.3
900.5,540.4346313476562,0.4
635.96,542.3255004882812,0.15
477.27,540.4346313476562,0.13
463.23,540.4346313476562,0.17
463.23,540.4346313476562,0.17
473.21,540.4346313476562,0.14
513.14,540.4346313476562,0.05
724.92,540.4346313476562,0.25
952.41,542.3255004882812,0.43
652.91,540.4346313476562,0.17
608.99,546.4271850585938,0.1
652.91,546.4271850585938,0.16
1100.25,553.26953125,0.5
904.49,550.9061279296875,0.39
608.99,557.7213134765625,0.08
525.12,557.7213134765625,0.06
918.65,563.7962036132812,0.39
922.46,566.2412109375,0.39
646.92,563.7962036132812,0.13
608.99,559.3306274414062,0.08
842.6,554.189697265625,0.34
1062.23,549.974853515625,0.48
1026.38,544.6038208007812,0.47
722.8,549.974853515625,0.24
788.83,544.6038208007812,0.31
576.7,542.2647705078125,0.06
481.2,544.6038208007812,0.13
459.23,544.6038208007812,0.19
463.23,547.28515625,0.18
467.22,552.3353271484375,0.18
497.24,550.4943237304688,0.11
525.12,548.7610473632812,0.05
715.21,553.175537109375,0.23
948.42,554.1199340820312,0.42
581.03,554.1199340820312,0.05
634.94,553.26953125,0.13
636.94,553.26953125,0.13
850.58,553.26953125,0.35
589.02,559.501708984375,0.05
567.21,563.8152465820312,0.01
591.01,558.65576171875,0.05
852.58,558.65576171875,0.34
1140.1,561.05859375,0.51
766.72,555.0109252929688,0.28
722.8,552.6475830078125,0.24
712.81,544.5771484375,0.24
1088.19,541.9295043945312,0.5
620.97,541.9295043945312,0.13
531.19,541.9295043945312,0.02
435.34,539.619873046875,0.24
457.24,534.0991821289062,0.17
862.56,534.2343139648438,0.38
523.13,534.2343139648438,0.02
471.21,536.1204223632812,0.14
461.23,534.2343139648438,0.16
523.13,536.1204223632812,0.02
925.01,536.1204223632812,0.42
567.05,546.3347778320312,0.04
603.0,543.9957275390625,0.1
652.91,549.0159301757812,0.16
1012.31,556.479736328125,0.45
1002.33,566.5194091796875,0.43
630.95,572.174072265625,0.09
585.51,569.3423461914062,0.03
640.93,580.8739624023438,0.09
832.61,567.83203125,0.32
1082.2,565.3882446289062,0.48
1060.32,558.65576171875,0.47
758.74,554.0695190429688,0.27
742.76,549.5643920898438,0.26
622.96,545.4298706054688,0.12
778.7,540.503662109375,0.31
856.74,540.503662109375,0.37
467.22,540.503662109375,0.16
463.23,540.503662109375,0.17
457.24,535.99169921875,0.17
433.28,533.8856811523438,0.23
441.26,535.99169921875,0.21
802.73,535.99169921875,0.33
826.62,532.1170654296875,0.36
547.09,540.4346313476562,0.01
591.11,549.0159301757812,0.07
589.02,565.3882446289062,0.04
804.66,573.9915771484375,0.29
1056.24,581.539306640625,0.45
1036.27,594.6644897460938,0.43
667.07,594.6644897460938,0.11
523.2,594.6644897460938,0.14
579.03,594.6644897460938,0.03
842.6,594.6644897460938,0.29
1060.45,587.014892578125,0.45
1014.31,583.768310546875,0.42
632.95,576.84228515625,0.09
639.33,569.7056274414062,0.11
610.98,562.883544921875,0.08
557.07,559.3306274414062,0.0
788.84,559.3306274414062,0.29
764.73,549.974853515625,0.28
427.34,549.974853515625,0.29
451.25,549.974853515625,0.22
419.3,547.28515625,0.31
443.26,546.355712890625,0.23
453.24,546.355712890625,0.21
587.02,550.4093017578125,0.06
900.68,546.355712890625,0.39
603.0,546.4854125976562,0.09
567.05,547.2453002929688,0.03
832.61,552.3436279296875,0.34
1118.22,555.0751953125,0.5
948.42,549.6207885742188,0.42
632.95,552.3436279296875,0.13
549.08,549.6207885742188,0.0
682.86,558.3873901367188,0.18
1040.48,558.3873901367188,0.46
1074.21,558.3873901367188,0.48
882.53,561.1643676757812,0.36
646.92,554.0146484375,0.14
666.74,551.2865600585938,0.17
589.02,556.40869140625,0.06
1010.32,557.4722900390625,0.45
932.45,555.0751953125,0.4
499.24,559.1527709960938,0.12
483.19,551.3999633789062,0.14
471.21,551.3999633789062,0.17
453.43,549.5531005859375,0.21
493.18,547.0469970703125,0.11
545.16,542.4976806640625,0.0
950.61,544.6673583984375,0.43
774.71,544.6673583984375,0.3
591.01,544.6673583984375,0.08
606.99,554.0695190429688,0.09
636.94,557.7197875976562,0.12
1058.24,567.9313354492188,0.46
914.48,563.0791625976562,0.38
626.96,574.9617919921875,0.08
559.07,579.0855712890625,0.04
511.22,576.9962158203125,0.13
545.09,567.8253173828125,0.04
698.92,568.232666015625,0.19
1024.29,560.9920654296875,0.45
714.81,546.7772216796875,0.24
638.94,543.0508422851562,0.15
579.03,531.942138671875,0.08
722.8,527.28564453125,0.27
856.74,524.1636962890625,0.39
493.18,522.7421875,0.06
467.22,525.0918579101562,0.12
426.7,525.4745483398438,0.23
413.31,525.4745483398438,0.27
435.27,523.7752075195312,0.2
513.14,523.584716796875,0.02
958.4,525.8557739257812,0.45
816.79,529.9036254882812,0.35
595.01,536.2730712890625,0.1
610.64,550.6276245117188,0.1
824.7,571.6005859375,0.31
1072.21,582.4954833984375,0.46
972.38,573.8973388671875,0.41
688.96,573.8973388671875,0.17
585.02,572.1409912109375,0.02
535.11,564.1807861328125,0.05
826.62,564.99267578125,0.32
1059.96,555.484619140625,0.48
818.72,556.5689697265625,0.32
682.86,550.8897705078125,0.19
666.89,547.0054931640625,0.18
657.09,544.5648193359375,0.17
806.66,532.1229248046875,0.34
926.46,541.8275756835938,0.42
616.97,532.1229248046875,0.14
483.19,529.9036254882812,0.1
463.23,529.5570068359375,0.14
393.34,528.208251953125,0.34
407.32,529.2794189453125,0.3
443.26,529.6424560546875,0.19
449.31,527.342041015625,0.17
892.51,529.5570068359375,0.41
896.58,541.228271484375,0.4
595.62,556.3641357421875,0.07
638.94,570.384765625,0.11
689.97,567.93310546875,0.18
1072.88,574.0404052734375,0.46
688.85,571.7332153320312,0.17
601.03,578.3782958984375,0.04
573.04,587.4842529296875,0.03
891.62,585.0755615234375,0.34
1062.44,588.01318359375,0.45
778.7,578.90673828125,0.26
585.02,565.8074951171875,0.03
593.09,562.355712890625,0.05
926.46,561.3445434570312,0.39
612.98,557.9277954101562,0.09
674.88,549.9546508789062,0.19
367.82,546.4271850585938,0.49
429.28,538.2747802734375,0.25
419.3,540.4346313476562,0.29
425.41,540.4346313476562,0.27
425.38,538.2747802734375,0.27
603.0,533.8856811523438,0.11
898.5,538.2747802734375,0.4
820.63,549.0159301757812,0.33
559.13,562.603515625,0.01
555.07,579.0120239257812,0.04
1060.23,592.5794067382812,0.44
1056.46,601.1526489257812,0.43
976.37,600.6277465820312,0.38
616.97,612.240478515625,0.01
578.94,619.5523681640625,0.07
1010.32,608.5714111328125,0.4
1126.36,605.953857421875,0.46
1042.34,589.635498046875,0.43
714.81,583.4794311523438,0.18
742.76,576.7025146484375,0.22
758.74,566.5201416015625,0.25
706.82,559.0770874023438,0.21
593.01,555.8721923828125,0.06
966.58,554.9290161132812,0.43
742.83,547.2333374023438,0.26
469.22,545.4298706054688,0.16
473.21,548.069580078125,0.16
451.25,545.4298706054688,0.21
459.23,540.503662109375,0.18
612.98,542.7985229492188,0.11
892.51,548.7610473632812,0.39
881.09,554.0695190429688,0.37
557.14,550.9061279296875,0.01
569.05,561.05859375,0.01
591.01,560.1266479492188,0.05
916.34,567.83203125,0.38
1000.54,566.9009399414062,0.43
706.9,558.899169921875,0.21
563.06,558.899169921875,0.01
604.99,561.6726684570312,0.07
688.85,556.927734375,0.19
1126.12,559.3306274414062,0.5
1110.15,549.974853515625,0.5
916.47,547.28515625,0.4
723.0,549.974853515625,0.24
640.93,549.974853515625,0.14
980.37,546.355712890625,0.44
894.51,547.28515625,0.39
543.09,540.7041015625,0.0
501.16,540.5452880859375,0.08
427.29,538.63525390625,0.26
413.36,540.5452880859375,0.31
439.33,542.9033203125,0.24
948.42,538.7799682617188,0.43
932.45,540.7041015625,0.42
618.97,540.7041015625,0.13
624.96,540.8770751953125,0.13
612.98,544.0678100585938,0.11
690.96,546.355712890625,0.21
1104.16,546.355712890625,0.51
1028.36,546.355712890625,0.47
626.96,549.0421752929688,0.12
587.83,547.230224609375,0.07
922.46,547.822265625,0.41
1060.45,547.28515625,0.48
734.78,538.7799682617188,0.27
825.21,540.7041015625,0.34
1076.21,540.5452880859375,0.5
962.4,538.63525390625,0.44
632.95,540.7041015625,0.15
583.03,540.7041015625,0.07
748.89,540.7041015625,0.28
892.57,536.2574462890625,0.4
471.21,536.1204223632812,0.14
473.21,534.4974975585938,0.13
445.26,534.4974975585938,0.2
469.22,534.4974975585938,0.14
593.01,534.4974975585938,0.1
962.59,534.4974975585938,0.44
900.5,540.7041015625,0.4
611.06,540.7041015625,0.12
599.0,544.6038208007812,0.09
960.4,552.2578125,0.42
1098.17,561.0101318359375,0.49
1068.22,568.6781005859375,0.47
872.72,573.260986328125,0.34
557.07,580.8739624023438,0.04
551.08,566.9009399414062,0.03
720.88,557.7213134765625,0.23
1066.22,558.65576171875,0.48
1038.27,553.997314453125,0.47
818.64,556.3641357421875,0.32
651.4,550.5126953125,0.15
668.89,547.2333374023438,0.18
920.47,547.2333374023438,0.41
870.62,549.5643920898438,0.37
515.75,546.4271850585938,0.06
489.18,543.7697143554688,0.11
495.17,547.822265625,0.11
467.29,545.4911499023438,0.17
475.27,542.8349609375,0.14
704.83,542.8349609375,0.23
978.37,542.8349609375,0.45
976.37,545.4911499023438,0.44
603.0,545.10107421875,0.1
640.93,549.974853515625,0.14
1084.19,559.3306274414062,0.48
1082.42,556.927734375,0.49
938.51,555.8695068359375,0.41
640.93,560.223388671875,0.13
776.71,560.223388671875,0.28
874.54,567.0972290039062,0.35
626.96,567.0972290039062,0.1
1054.24,564.274658203125,0.46
1070.22,564.274658203125,0.47
782.91,556.4033203125,0.29
648.92,563.0067138671875,0.13
616.97,553.1350708007812,0.1
601.0,553.1350708007812,0.08
946.42,553.1350708007812,0.42
912.48,550.4093017578125,0.4
523.13,549.6207885742188,0.05
463.23,549.6207885742188,0.19
459.55,550.4093017578125,0.2
461.23,550.4093017578125,0.19
686.86,546.355712890625,0.2
946.42,553.1350708007812,0.42
965.95,569.143310546875,0.41
786.69,569.9287719726562,0.28
641.11,579.2971801757812,0.1
816.64,579.2971801757812,0.29
1056.24,596.3443603515625,0.44
1066.22,603.0169677734375,0.43
1070.22,596.9962158203125,0.44
1012.31,600.0003051757812,0.41
710.82,605.5121459960938,0.15
635.02,613.0921020507812,0.03
1048.46,604.1919555664062,0.42
1116.14,600.6277465820312,0.46
978.37,585.7692260742188,0.4
640.93,576.66064453125,0.1
618.97,570.006591796875,0.08
553.08,559.8283081054688,0.01
944.43,561.6726684570312,0.41
858.81,562.603515625,0.34
634.94,552.2578125,0.13
455.24,551.460205078125,0.21
415.31,551.460205078125,0.33
423.29,544.6038208007812,0.29
956.41,544.6038208007812,0.43
960.4,550.4093017578125,0.43
934.44,564.274658203125,0.4
607.16,583.6641845703125,0.04
836.61,593.3517456054688,0.29
1111.34,609.4741821289062,0.45
1012.31,613.79296875,0.39
690.85,621.2395629882812,0.1
870.55,628.8257446289062,0.28
1092.36,628.4699096679688,0.42
762.73,629.7750244140625,0.17
642.93,626.5322265625,0.03
948.42,625.5709228515625,0.34
1108.15,613.5387573242188,0.45
1110.15,601.6807861328125,0.46
1042.26,592.0543823242188,0.43
645.1,585.1094970703125,0.09
561.06,585.1094970703125,0.04
616.97,578.348876953125,0.06
950.42,575.47119140625,0.39
712.81,568.6781005859375,0.2
475.21,561.0101318359375,0.18
445.26,558.2376708984375,0.25
469.22,558.2376708984375,0.19
692.91,551.460205078125,0.2
964.59,558.2376708984375,0.42
996.34,567.7516479492188,0.43
950.42,580.7385864257812,0.39
988.35,588.42626953125,0.4
1082.2,596.1531372070312,0.45
1076.21,593.1464233398438,0.45
968.39,605.876953125,0.37
633.02,598.791748046875,0.05
750.88,605.876953125,0.19
1116.14,606.398681640625,0.46
1245.84,603.71533203125,0.52
1241.93,601.17138671875,0.52
1225.96,596.9962158203125,0.51
1070.42,580.8739624023438,0.46
820.17,571.5075073242188,0.3
1186.02,564.454833984375,0.52
916.47,566.9009399414062,0.38
561.06,561.6726684570312,0.0
708.82,561.6726684570312,0.21
914.48,562.603515625,0.38
485.25,555.91796875,0.15
447.32,552.2578125,0.23
581.03,552.2578125,0.05
950.42,554.9839477539062,0.42
850.58,552.2578125,0.35
551.08,558.2376708984375,0.01
559.07,567.7516479492188,0.02
910.48,577.4215087890625,0.37
1072.21,598.791748046875,0.44
1078.5,605.876953125,0.44
1014.31,608.3050537109375,0.4
604.99,612.5623779296875,0.01
856.57,610.3941040039062,0.29
1014.31,597.6558837890625,0.41
1028.29,598.1844482421875,0.42
1000.33,585.7692260742188,0.41
782.78,588.338623046875,0.25
629.04,578.348876953125,0.08
940.43,566.5194091796875,0.4
1048.25,569.3423461914062,0.46
974.38,568.6781005859375,0.42
878.48,558.899169921875,0.36
549.18,555.820068359375,0.01
499.17,555.820068359375,0.11
487.19,561.0101318359375,0.15
471.68,554.189697265625,0.17
465.22,552.2578125,0.19
684.86,552.2578125,0.19
974.38,549.0843505859375,0.44
968.39,555.820068359375,0.43
627.13,555.02880859375,0.11
593.01,567.0972290039062,0.04
812.65,563.49462890625,0.31
1102.16,563.49462890625,0.49
1082.2,563.49462890625,0.48
1080.2,567.7428588867188,0.47
646.92,566.9688720703125,0.12
583.03,574.6359252929688,0.01
786.91,553.2041015625,0.3
1070.22,549.6207885742188,0.49
1050.25,548.714599609375,0.48
836.61,549.0421752929688,0.34
604.99,543.0878295898438,0.1
557.07,540.8770751953125,0.03
603.0,540.8770751953125,0.1
976.37,543.0878295898438,0.44
657.09,540.7041015625,0.18
467.22,544.0678100585938,0.16
413.31,544.0678100585938,0.32
401.33,544.0678100585938,0.36
415.31,544.0678100585938,0.31
746.76,544.0678100585938,0.27
948.36,545.297607421875,0.43
746.76,543.0878295898438,0.27
611.06,542.9033203125,0.11
599.0,542.9033203125,0.09
960.4,540.597900390625,0.44
956.41,538.4254150390625,0.44
658.9,542.4976806640625,0.18
623.05,542.8349609375,0.13
583.1,542.4976806640625,0.07
569.05,540.597900390625,0.05
982.36,536.2574462890625,0.45
1154.08,538.4254150390625,0.53
1080.2,540.597900390625,0.5
886.52,542.4976806640625,0.39
658.9,540.597900390625,0.18
668.89,542.4976806640625,0.19
920.47,542.4976806640625,0.41
870.62,542.6859130859375,0.38
515.75,538.592041015625,0.04
475.21,540.7041015625,0.14
475.21,545.10107421875,0.15
469.22,547.28515625,0.17
467.22,549.0421752929688,0.18
503.23,551.3999633789062,0.1
471.21,544.0678100585938,0.15
954.41,546.355712890625,0.43
1068.3,546.355712890625,0.49
822.63,546.4854125976562,0.34
814.64,546.4854125976562,0.33
1150.08,552.3436279296875,0.52
1112.15,558.3873901367188,0.5
1081.52,564.488037109375,0.48
1028.29,564.488037109375,0.45
599.0,567.3104858398438,0.05
636.04,556.8138427734375,0.12
1096.48,549.5531005859375,0.5
1044.26,542.4976806640625,0.48
722.06,540.597900390625,0.25
627.68,540.597900390625,0.14
638.94,544.6673583984375,0.15
894.59,542.4976806640625,0.39
848.59,542.4976806640625,0.36
487.19,540.4346313476562,0.11
467.22,538.4254150390625,0.15
461.23,538.4254150390625,0.17
453.31,536.2574462890625,0.18
469.22,538.4254150390625,0.15
539.1,538.4254150390625,0.0
962.4,538.4254150390625,0.44
968.46,540.597900390625,0.44
618.97,538.4254150390625,0.13
585.02,540.597900390625,0.08
660.9,540.7041015625,0.18
1114.37,542.8349609375,0.51
1136.11,545.4911499023438,0.52
748.75,548.2129516601562,0.27
595.01,545.5330810546875,0.08
1044.26,552.2578125,0.47
1068.3,561.6726684570312,0.47
1000.33,555.91796875,0.44
644.93,555.91796875,0.14
631.01,553.1885986328125,0.12
595.01,549.0159301757812,0.08
581.03,546.3347778320312,0.06
702.83,543.7697143554688,0.23
996.29,543.7697143554688,0.45
521.13,536.1204223632812,0.03
489.18,536.1204223632812,0.1
483.27,534.2343139648438,0.11
471.21,529.7890625,0.12
483.19,529.34033203125,0.1
591.08,527.5057373046875,0.11
984.36,530.9302978515625,0.46
942.43,536.2574462890625,0.43
934.44,545.5330810546875,0.42
700.83,561.0101318359375,0.2
810.65,563.27099609375,0.31
1244.18,569.3423461914062,0.54
1223.96,572.174072265625,0.53
1108.23,578.348876953125,0.48
854.58,578.348876953125,0.32
604.99,582.0714721679688,0.04
798.67,579.0120239257812,0.28
1098.17,579.0120239257812,0.47
1054.24,574.6591186523438,0.45
806.8,568.5028686523438,0.3
620.97,561.05859375,0.1
627.04,551.70556640625,0.12
563.06,551.70556640625,0.02
537.1,548.7610473632812,0.02
658.9,546.4271850585938,0.17
924.46,543.7697143554688,0.41
646.91,546.4271850585938,0.16
487.19,542.8349609375,0.11
457.24,538.4254150390625,0.18
571.05,536.2574462890625,0.06
950.46,545.4911499023438,0.43
914.48,550.9061279296875,0.4
862.56,560.1266479492188,0.35
806.81,567.7516479492188,0.3
1062.23,578.348876953125,0.46
1090.18,585.1094970703125,0.46
852.65,588.42626953125,0.31
593.01,588.42626953125,0.01
579.03,589.080078125,0.02
828.62,582.1840209960938,0.3
1158.07,585.1094970703125,0.49
1150.08,578.348876953125,0.5
728.91,573.070068359375,0.21
1084.19,564.454833984375,0.48
1170.05,561.0101318359375,0.52
656.98,556.927734375,0.15
612.98,554.189697265625,0.1
966.39,548.2129516601562,0.43
798.67,547.28515625,0.31
463.23,544.6038208007812,0.18
455.31,544.6038208007812,0.2
415.31,542.2647705078125,0.31
395.34,544.6038208007812,0.38
735.94,544.6038208007812,0.26
941.05,547.28515625,0.42
912.48,546.355712890625,0.4
555.07,551.460205078125,0.01
634.7,561.0101318359375,0.12
862.56,570.5831298828125,0.34
1152.08,577.4215087890625,0.5
1119.45,578.348876953125,0.48
1116.14,585.1094970703125,0.48
1072.21,588.338623046875,0.45
1096.17,580.8739624023438,0.47
994.54,566.2412109375,0.43
1182.03,551.3999633789062,0.53
1094.18,549.0421752929688,0.5
1104.16,549.974853515625,0.5
756.74,547.02294921875,0.28
660.98,545.4911499023438,0.17
882.53,542.3255004882812,0.39
710.82,538.2747802734375,0.24
505.23,534.2625732421875,0.06
457.24,534.2625732421875,0.17
463.23,536.133056640625,0.16
461.23,536.133056640625,0.16
457.24,536.133056640625,0.17
463.23,536.133056640625,0.16
890.58,540.597900390625,0.39
858.57,540.597900390625,0.37
543.17,538.4254150390625,0.01
545.09,545.10107421875,0.0
624.96,545.10107421875,0.13
1050.25,543.0878295898438,0.48
936.44,546.4854125976562,0.42
577.04,552.3436279296875,0.04
507.15,552.3436279296875,0.09
754.92,555.8695068359375,0.26
786.91,555.0751953125,0.29
1070.22,559.1742553710938,0.48
1050.25,560.223388671875,0.47
836.61,553.1350708007812,0.34
604.99,550.4093017578125,0.09
557.07,553.1350708007812,0.01
603.0,550.4093017578125,0.09
976.37,548.03125,0.44
657.09,549.6207885742188,0.16
441.26,549.6207885742188,0.25
449.25,547.2453002929688,0.22
449.25,547.2453002929688,0.22
463.23,549.6207885742188,0.19
626.96,542.30224609375,0.14
553.16,547.2453002929688,0.01
994.34,553.9859619140625,0.44
812.65,555.619140625,0.32
820.63,562.4545288085938,0.31
1116.14,561.034423828125,0.5
1098.17,576.4025268554688,0.48
1010.52,586.3494873046875,0.42
956.48,588.7227783203125,0.38
1020.3,589.320556640625,0.42
1042.26,589.320556640625,0.43
1038.27,584.803466796875,0.44
808.65,577.72998046875,0.29
640.93,575.989013671875,0.1
672.88,566.3146362304688,0.16
1044.31,566.3146362304688,0.46
980.37,566.3146362304688,0.42
904.56,559.1742553710938,0.38
696.84,559.1742553710938,0.2
474.56,556.4033203125,0.17
423.29,556.4033203125,0.31
479.27,556.4033203125,0.16
936.44,556.4033203125,0.41
948.36,556.4033203125,0.41
882.6,559.1742553710938,0.37
746.76,559.1742553710938,0.25
948.42,564.393310546875,0.4
606.99,564.393310546875,0.07
938.44,571.6257934570312,0.39
820.63,584.803466796875,0.29
1050.25,582.238525390625,0.45
1152.31,583.3876953125,0.49
1110.15,591.0819091796875,0.47
1076.21,605.257080078125,0.44
1098.25,614.880859375,0.44
720.8,607.5986328125,0.16
872.55,601.40380859375,0.31
1156.07,594.27294921875,0.49
1096.17,590.3136596679688,0.46
625.05,585.578125,0.06
636.94,575.6302490234375,0.1
734.78,574.296142578125,0.22
1058.31,571.42529296875,0.46
962.4,568.5632934570312,0.41
503.16,568.5632934570312,0.13
481.2,568.5632934570312,0.18
455.24,561.6744995117188,0.23
489.26,561.6744995117188,0.15
573.44,561.6744995117188,0.02
1042.26,567.787353515625,0.46
1076.21,584.807373046875,0.46
1098.44,600.3681640625,0.45
1110.15,617.6463623046875,0.44
1158.3,625.4054565429688,0.46
1205.99,637.8148803710938,0.47
1178.04,627.8656616210938,0.47
1168.05,632.020263671875,0.46
1110.23,638.6300048828125,0.42
1116.14,642.3018188476562,0.42
1142.1,644.5748901367188,0.44
1144.09,632.365966796875,0.45
650.92,621.9649658203125,0.04
1018.3,611.7251586914062,0.4
1074.29,608.9991455078125,0.43
1004.33,581.46142578125,0.42
784.69,582.6190795898438,0.26
585.02,578.541259765625,0.01
876.71,575.6302490234375,0.34
483.19,578.541259765625,0.2
591.08,578.541259765625,0.02
984.36,574.296142578125,0.42
942.43,574.296142578125,0.39
934.44,571.42529296875,0.39
1110.15,567.1892700195312,0.49
1098.17,561.953857421875,0.49
1130.7,559.1742553710938,0.51
1223.96,559.1742553710938,0.54
1108.23,552.3436279296875,0.5
854.58,558.3873901367188,0.35
999.24,552.3436279296875,0.45
1050.25,542.30224609375,0.48
1084.41,547.2453002929688,0.5
644.93,555.619140625,0.14
1014.31,549.6207885742188,0.46
631.01,549.6207885742188,0.13
658.9,549.6207885742188,0.17
595.01,552.3436279296875,0.07
722.8,546.355712890625,0.24
1094.18,555.8695068359375,0.49
984.36,546.355712890625,0.44
926.54,549.0421752929688,0.41
672.88,546.355712890625,0.19
495.17,549.0421752929688,0.11
479.27,549.0421752929688,0.15
477.2,553.1350708007812,0.16
475.21,555.8695068359375,0.17
531.11,558.269287109375,0.05
1026.29,547.02294921875,0.47
1000.33,545.10107421875,0.46
976.46,547.02294921875,0.44
642.93,547.02294921875,0.15
655.0,549.974853515625,0.16
1088.19,549.974853515625,0.49
1088.19,544.6038208007812,0.5
802.66,549.974853515625,0.31
632.95,555.0411376953125,0.12
660.9,549.974853515625,0.17
1000.33,549.974853515625,0.45
1250.01,552.3353271484375,0.56
1135.54,551.3999633789062,0.51
1082.2,546.355712890625,0.5
718.8,546.355712890625,0.24
692.29,545.10107421875,0.21
726.79,545.10107421875,0.25
984.44,542.6859130859375,0.45
804.66,542.9033203125,0.33
511.22,542.9033203125,0.06
475.21,542.8349609375,0.14
413.31,538.592041015625,0.3
443.26,540.7041015625,0.22
726.79,542.9033203125,0.25
942.43,540.7760620117188,0.43
892.51,545.10107421875,0.39
589.09,542.9033203125,0.08
608.99,542.9033203125,0.11
639.03,545.10107421875,0.15
1002.33,545.10107421875,0.46
1024.29,542.9033203125,0.47
610.98,542.9033203125,0.11
593.01,545.10107421875,0.08
1004.33,543.0878295898438,0.46
984.44,542.9033203125,0.45
654.91,543.0878295898438,0.17
674.98,542.9033203125,0.2
1034.28,542.9033203125,0.48
1102.16,542.9033203125,0.51
872.55,542.9033203125,0.38
547.09,549.974853515625,0.01
495.17,547.28515625,0.11
505.16,542.9033203125,0.07
662.52,545.10107421875,0.18
948.42,545.10107421875,0.43
523.13,545.10107421875,0.04
469.93,552.3353271484375,0.18
509.15,549.974853515625,0.08
988.35,549.0421752929688,0.44
950.49,549.0421752929688,0.42
880.53,549.0421752929688,0.38
643.03,555.8695068359375,0.14
624.96,552.3436279296875,0.12
1050.25,549.6207885742188,0.48
936.44,549.6207885742188,0.41
577.04,552.3436279296875,0.04
740.77,561.1643676757812,0.24
704.23,568.0960693359375,0.19
1046.26,572.3336181640625,0.45
994.34,571.42529296875,0.43
630.95,571.42529296875,0.09
617.47,572.3336181640625,0.07
652.91,562.4545288085938,0.14
563.14,562.4545288085938,0.0
810.8,558.3873901367188,0.31
964.39,558.3873901367188,0.42
772.71,558.3873901367188,0.28
441.26,555.619140625,0.26
449.25,558.3873901367188,0.24
449.25,553.2041015625,0.23
463.23,555.619140625,0.2
626.96,555.619140625,0.11
970.65,561.6744995117188,0.42
958.4,567.787353515625,0.41
994.34,580.9546508789062,0.42
994.34,602.40576171875,0.39
812.65,616.7596435546875,0.24
820.63,609.556396484375,0.26
1116.14,616.7596435546875,0.45
1234.2,616.570068359375,0.5
1223.96,609.556396484375,0.5
1239.93,609.556396484375,0.51
1259.9,602.0048217773438,0.52
1281.95,590.6922607421875,0.54
1215.97,587.22119140625,0.52
954.41,576.3468017578125,0.4
746.76,561.0199584960938,0.25
702.83,551.3999633789062,0.22
1010.51,547.02294921875,0.46
980.37,542.9033203125,0.45
557.07,545.4911499023438,0.02
507.15,542.8349609375,0.07
485.25,540.5452880859375,0.11
485.19,542.9033203125,0.12
487.19,536.5040893554688,0.1
543.09,536.5040893554688,0.01
1018.3,534.4090576171875,0.48
1004.52,529.4906616210938,0.47
1021.18,529.4906616210938,0.48
681.69,532.4849853515625,0.22
936.44,534.2343139648438,0.43
1166.15,541.1248779296875,0.54
1106.16,552.2578125,0.5
991.44,562.4744873046875,0.43
676.87,563.3968505859375,0.17
676.87,579.2675170898438,0.14
1005.46,574.5465698242188,0.43
1281.95,574.5465698242188,0.55
1194.01,567.7516479492188,0.52
1064.23,556.927734375,0.48
712.81,549.974853515625,0.23
708.93,548.2129516601562,0.23
1098.17,550.9061279296875,0.5
956.41,542.8349609375,0.43
790.68,540.5452880859375,0.32
483.19,538.63525390625,0.11
461.29,538.63525390625,0.17
399.33,536.4523315429688,0.34
429.28,536.4523315429688,0.25
946.62,538.63525390625,0.43
880.53,538.7799682617188,0.39
944.43,542.2647705078125,0.43
972.38,549.879638671875,0.43
656.91,563.3968505859375,0.14
952.41,572.6025390625,0.4
1114.23,576.722900390625,0.48
1064.23,577.3756103515625,0.46
770.72,583.5279541015625,0.24
816.79,579.2675170898438,0.29
838.6,585.463623046875,0.3
858.57,585.463623046875,0.32
892.51,579.2675170898438,0.35
910.48,577.4215087890625,0.37
889.1,571.5075073242188,0.36
882.69,564.454833984375,0.36
858.65,561.6726684570312,0.35
818.64,552.2578125,0.33
761.66,551.460205078125,0.28
726.79,545.5330810546875,0.25
708.82,545.5330810546875,0.23
708.82,545.5330810546875,0.23
686.86,544.6038208007812,0.21
700.89,545.5330810546875,0.22
728.92,543.196533203125,0.25
766.72,545.5330810546875,0.29
776.71,552.2578125,0.29
822.63,566.5194091796875,0.31
866.56,575.47119140625,0.34
876.54,592.0543823242188,0.32
896.51,592.5794067382812,0.34
892.51,592.5794067382812,0.34
880.78,592.5794067382812,0.33
834.61,588.338623046875,0.3
822.63,585.1094970703125,0.29
852.58,580.8739624023438,0.32
850.58,580.8739624023438,0.32
890.52,573.9915771484375,0.36
890.52,573.9915771484375,0.36
852.58,564.454833984375,0.34
864.71,561.6726684570312,0.35
780.77,561.6726684570312,0.28
740.77,554.189697265625,0.25
728.79,554.9839477539062,0.24
708.82,551.460205078125,0.22
704.36,551.460205078125,0.22
686.99,546.355712890625,0.2
686.86,546.355712890625,0.2
720.8,546.355712890625,0.24
730.2,548.1787719726562,0.25
776.71,540.5452880859375,0.3
804.66,541.1248779296875,0.33
796.67,541.1248779296875,0.32
832.61,550.9061279296875,0.34
852.74,552.6475830078125,0.35
840.6,553.997314453125,0.34
816.64,550.6273803710938,0.33
790.76,553.997314453125,0.3
808.65,548.8558959960938,0.32
824.63,548.8558959960938,0.33
832.61,539.6554565429688,0.35
858.57,539.6554565429688,0.37
890.68,536.105224609375,0.4
858.57,536.105224609375,0.38
828.62,532.1170654296875,0.36
792.68,530.5681762695312,0.33
740.83,529.34033203125,0.29
716.81,531.98046875,0.26
686.86,538.1209716796875,0.22
664.89,534.0991821289062,0.2
666.89,534.0991821289062,0.2
675.01,534.2343139648438,0.21
702.83,536.1204223632812,0.24
714.81,535.9766845703125,0.25
772.79,541.9295043945312,0.3
606.99,543.7697143554688,0.1
545.8,543.7697143554688,0.0
559.15,555.0109252929688,0.01
549.08,546.4271850585938,0.0
659.09,554.0695190429688,0.16
824.7,552.6475830078125,0.33
786.69,559.3263549804688,0.29
790.68,555.0109252929688,0.3
828.62,552.6475830078125,0.33
850.58,547.2333374023438,0.36
585.11,535.9766845703125,0.08
581.03,533.8856811523438,0.08
624.96,532.1170654296875,0.15
579.03,532.1170654296875,0.08
513.22,532.064697265625,0.04
720.8,526.7415771484375,0.27
680.87,526.2847900390625,0.23
465.22,527.1922607421875,0.13
421.3,529.0377197265625,0.26
379.42,527.1922607421875,0.39
379.37,527.1922607421875,0.39
595.01,525.23876953125,0.12
722.8,529.4906616210938,0.27
758.8,528.56298828125,0.3
547.09,530.5681762695312,0.03
565.06,538.2747802734375,0.05
636.94,536.1204223632812,0.16
906.49,540.4346313476562,0.4
890.69,543.611328125,0.39
868.55,542.893798828125,0.37
840.6,542.0860595703125,0.36
850.74,529.3048095703125,0.38
890.52,531.7296142578125,0.4
910.57,529.6424560546875,0.42
916.64,528.841796875,0.42
925.17,528.841796875,0.43
924.46,528.841796875,0.43
910.48,529.3048095703125,0.42
830.62,530.3947143554688,0.36
758.81,533.5828857421875,0.3
672.88,529.3048095703125,0.21
652.91,532.4410400390625,0.18
652.91,533.967041015625,0.18
647.04,533.967041015625,0.17
668.89,533.967041015625,0.2
690.85,533.967041015625,0.23
754.74,535.7076416015625,0.29
758.74,534.4090576171875,0.3
812.72,540.1531982421875,0.34
660.9,540.4346313476562,0.18
682.86,551.4362182617188,0.19
690.85,554.1199340820312,0.2
834.76,554.1199340820312,0.34
912.48,551.4362182617188,0.4
786.69,559.501708984375,0.29
664.89,554.0695190429688,0.17
810.65,546.4271850585938,0.33
972.38,545.4911499023438,0.44
950.51,540.597900390625,0.43
814.64,538.2747802734375,0.34
720.8,540.597900390625,0.25
806.78,538.4254150390625,0.33
931.03,536.2574462890625,0.42
698.84,536.2574462890625,0.23
525.12,536.2574462890625,0.02
477.2,536.2574462890625,0.12
469.58,538.4254150390625,0.15
463.23,538.4254150390625,0.16
445.31,538.4254150390625,0.21
593.01,538.4254150390625,0.09
790.68,540.597900390625,0.32
852.58,538.4254150390625,0.37
595.01,545.4911499023438,0.08
545.09,549.974853515625,0.01
816.72,550.9061279296875,0.33
904.49,563.7962036132812,0.38
882.53,556.927734375,0.37
850.74,559.3306274414062,0.34
806.66,556.927734375,0.31
826.62,566.2412109375,0.31
868.55,566.2412109375,0.35
906.49,559.3306274414062,0.38
912.48,554.189697265625,0.39
814.64,554.189697265625,0.32
680.96,557.7213134765625,0.18
658.9,557.7213134765625,0.15
750.88,549.974853515625,0.27
790.68,550.9061279296875,0.3
758.74,550.9061279296875,0.27
738.77,547.28515625,0.26
722.8,544.6038208007812,0.25
710.82,544.6038208007812,0.23
746.76,547.28515625,0.27
767.0,547.28515625,0.29
774.71,544.6038208007812,0.3
818.64,553.1350708007812,0.32
815.88,558.269287109375,0.32
662.9,555.8695068359375,0.16
626.96,569.143310546875,0.09
868.55,578.5135498046875,0.33
904.57,580.6209106445312,0.36
880.7,580.6209106445312,0.34
844.59,577.72998046875,0.32
848.59,576.8156127929688,0.32
878.54,567.3104858398438,0.35
910.48,567.3104858398438,0.38
918.47,560.1102905273438,0.39
904.49,561.1643676757812,0.38
902.5,561.1643676757812,0.38
882.62,561.1643676757812,0.36
830.76,561.1643676757812,0.32
792.68,554.0146484375,0.3
716.81,554.0146484375,0.23
485.19,555.0751953125,0.14
419.3,557.4722900390625,0.33
435.27,555.0751953125,0.28
724.79,560.2201538085938,0.23
742.76,558.269287109375,0.25
790.9,558.269287109375,0.29
832.61,564.393310546875,0.32
846.59,574.4710693359375,0.32
894.51,591.47705078125,0.34
910.48,600.922119140625,0.34
953.93,603.4303588867188,0.37
926.63,609.1469116210938,0.34
926.46,609.1469116210938,0.34
882.53,609.1469116210938,0.31
871.45,604.2158813476562,0.31
894.51,589.7762451171875,0.34
922.46,587.22119140625,0.36
908.49,587.22119140625,0.35
930.45,582.700927734375,0.37
914.48,575.2767333984375,0.37
906.74,572.8077392578125,0.37
860.57,575.2767333984375,0.33
814.64,575.2767333984375,0.29
800.67,578.106689453125,0.28
744.76,583.438232421875,0.22
752.75,583.438232421875,0.22
736.77,573.739990234375,0.22
740.77,573.739990234375,0.23
784.91,570.9495849609375,0.27
770.72,570.9495849609375,0.26
830.62,573.739990234375,0.31
874.54,573.739990234375,0.34
920.47,570.9495849609375,0.38
960.4,580.9454345703125,0.4
974.38,578.9996337890625,0.41
958.4,573.739990234375,0.4
944.69,576.1890258789062,0.39
878.54,576.1890258789062,0.34
892.51,573.739990234375,0.36
958.4,570.9495849609375,0.4
986.36,570.9495849609375,0.42
1001.96,570.9495849609375,0.43
980.55,568.168212890625,0.42
958.4,568.168212890625,0.41
924.0,558.4552612304688,0.4
852.58,555.73828125,0.35
810.65,558.4552612304688,0.31
644.93,555.73828125,0.14
487.19,560.8394775390625,0.15
487.19,565.7416381835938,0.16
675.06,562.9765625,0.17
690.85,562.9765625,0.19
569.05,562.9765625,0.01
764.73,562.9765625,0.26
818.64,562.9765625,0.31
832.61,565.7416381835938,0.32
870.55,562.9765625,0.35
868.55,562.9765625,0.35
896.75,562.9765625,0.37
862.56,574.4710693359375,0.33
856.57,583.4991455078125,0.32
812.65,595.0939331054688,0.27
806.66,599.3464965820312,0.26
870.55,607.9108276367188,0.3
888.52,604.8597412109375,0.32
908.49,601.8204345703125,0.34
924.72,583.0157470703125,0.37
916.47,573.1121826171875,0.37
898.5,566.3146362304688,0.37
840.6,566.3146362304688,0.33
834.61,566.3146362304688,0.32
790.68,556.4033203125,0.3
780.18,556.4033203125,0.29
740.77,553.9859619140625,0.25
740.83,559.1742553710938,0.25
749.47,561.953857421875,0.25
786.69,557.4488525390625,0.29
802.66,553.9859619140625,0.31
864.56,567.0972290039062,0.34
882.53,583.6641845703125,0.34
894.76,592.4951171875,0.34
926.46,604.584716796875,0.35
1108.15,608.3614501953125,0.45
1172.05,616.0218505859375,0.47
1106.16,620.327392578125,0.44
1076.21,619.627685546875,0.42
1040.27,623.5972900390625,0.4
1072.21,620.6773681640625,0.42
1132.19,620.6773681640625,0.45
1176.28,608.9991455078125,0.48
1146.09,598.07958984375,0.48
1048.25,594.0877685546875,0.43
906.49,589.320556640625,0.35
854.58,579.3157348632812,0.32
804.66,569.468505859375,0.29
758.74,569.468505859375,0.25
730.98,566.9688720703125,0.22
730.78,562.4545288085938,0.23
724.79,559.99755859375,0.23
756.74,553.9859619140625,0.27
746.76,550.4522094726562,0.26
776.71,563.2213134765625,0.27
847.34,570.9658203125,0.33
838.6,590.12353515625,0.3
896.51,607.4066162109375,0.32
922.54,617.1107788085938,0.33
962.58,623.948486328125,0.35
1170.05,619.4310302734375,0.47
1148.09,623.948486328125,0.46
1118.14,608.9991455078125,0.46
1100.4,616.0218505859375,0.44
1082.27,616.639404296875,0.43
1146.09,617.1107788085938,0.46
1112.15,610.1602783203125,0.45
1074.21,603.1952514648438,0.44
1076.21,590.741943359375,0.45
1062.23,583.0157470703125,0.45
988.35,575.989013671875,0.42
926.46,569.9287719726562,0.38
503.23,567.7516479492188,0.13
473.28,567.7516479492188,0.2
461.23,561.0101318359375,0.22
459.23,561.0101318359375,0.22
888.52,561.0101318359375,0.37
970.38,563.7962036132812,0.42
908.49,560.223388671875,0.38
994.34,569.9287719726562,0.43
946.42,576.770263671875,0.39
634.94,590.741943359375,0.07
860.8,598.1435546875,0.31
1205.99,605.876953125,0.5
1202.0,606.4110107421875,0.5
1174.04,606.4110107421875,0.48
652.67,603.1952514648438,0.08
608.99,610.1602783203125,0.0
1154.08,605.22802734375,0.48
1181.25,601.8204345703125,0.49
1140.33,586.2327270507812,0.49
1126.12,576.770263671875,0.49
1026.29,579.2971801757812,0.44
686.86,578.5135498046875,0.16
1058.24,576.770263671875,0.45
754.74,572.41357421875,0.24
501.16,569.143310546875,0.14
473.28,563.0067138671875,0.19
461.23,563.0067138671875,0.22
710.82,563.0067138671875,0.21
746.76,563.0067138671875,0.25
767.0,563.0067138671875,0.27
774.71,561.953857421875,0.27
818.64,566.3146362304688,0.31
815.88,575.989013671875,0.29
1112.15,593.3517456054688,0.47
1140.18,593.3517456054688,0.48
1168.29,598.791748046875,0.49
1168.05,601.8204345703125,0.48
926.46,601.8204345703125,0.35
868.55,598.791748046875,0.31
862.56,593.3517456054688,0.31
938.44,593.3517456054688,0.37
916.47,596.3443603515625,0.35
928.45,588.5253295898438,0.37
940.43,582.1934814453125,0.38
934.54,575.2616577148438,0.38
906.08,575.2616577148438,0.37
834.61,570.5831298828125,0.32
822.63,572.41357421875,0.3
744.42,572.41357421875,0.23
746.76,563.0067138671875,0.25
724.85,563.0067138671875,0.22
732.92,565.44921875,0.23
730.78,565.44921875,0.23
760.73,565.44921875,0.26
808.65,565.44921875,0.3
854.58,575.2616577148438,0.33
880.53,572.41357421875,0.35
900.5,572.41357421875,0.36
926.46,582.1934814453125,0.37
986.45,585.0988159179688,0.41
998.53,584.3097534179688,0.41
1110.15,586.2327270507812,0.47
850.58,589.1771240234375,0.31
888.52,588.5253295898438,0.34
908.49,589.1771240234375,0.35
924.46,582.1934814453125,0.37
1114.14,582.1934814453125,0.48
1152.08,572.41357421875,0.5
924.54,575.2616577148438,0.38
902.66,574.4710693359375,0.36
818.64,575.2616577148438,0.3
764.73,578.1185913085938,0.24
746.76,568.2489013671875,0.24
724.79,565.44921875,0.22
724.79,561.953857421875,0.22
732.15,557.4722900390625,0.24
718.8,555.0751953125,0.23
734.84,557.4722900390625,0.24
770.72,564.393310546875,0.27
803.27,564.393310546875,0.3
822.63,571.6257934570312,0.31
882.53,571.6257934570312,0.35
912.56,581.4071655273438,0.36
1006.52,587.7432861328125,0.42
1164.06,594.91650390625,0.49
1158.07,589.320556640625,0.49
1192.01,594.91650390625,0.5
1233.94,591.927734375,0.52
1040.27,591.927734375,0.43
892.51,585.5828857421875,0.34
1289.85,578.5135498046875,0.55
1296.2,578.5135498046875,0.55
1178.04,574.4710693359375,0.51
1132.11,575.2616577148438,0.49
1014.31,572.41357421875,0.44
658.9,565.44921875,0.14
764.73,563.0067138671875,0.26
764.73,563.0067138671875,0.26
772.71,563.0067138671875,0.27
714.95,563.0067138671875,0.21
722.85,565.44921875,0.22
756.74,555.8695068359375,0.27
762.73,563.0067138671875,0.26
798.67,569.9287719726562,0.29
826.62,576.770263671875,0.3
854.58,586.9921875,0.31
895.37,592.4951171875,0.34
902.5,600.6573486328125,0.33
954.41,610.1602783203125,0.36
1093.81,611.7251586914062,0.44
946.42,614.8494873046875,0.35
876.54,604.584716796875,0.31
874.54,603.4303588867188,0.31
992.35,597.369873046875,0.4
1140.33,584.803466796875,0.49
954.49,582.238525390625,0.39
932.45,582.238525390625,0.38
922.46,577.72998046875,0.37
862.56,575.207763671875,0.33
782.7,575.207763671875,0.27
756.74,575.207763671875,0.24
726.79,572.3336181640625,0.21
457.24,575.207763671875,0.26
649.04,565.2708740234375,0.13
744.82,562.4545288085938,0.24
778.7,565.2708740234375,0.27
790.68,565.2708740234375,0.29
844.59,569.468505859375,0.33
852.58,579.3157348632812,0.32
900.5,583.3876953125,0.35
1126.12,584.0307006835938,0.48
1136.34,591.7218017578125,0.48
1108.15,599.491455078125,0.46
1100.17,599.491455078125,0.46
1070.3,605.22802734375,0.43
1070.22,606.4110107421875,0.43
1086.12,602.5451049804688,0.45
1116.14,605.22802734375,0.46
1108.37,598.791748046875,0.46
976.37,596.3443603515625,0.39
933.66,578.5135498046875,0.38
900.5,575.989013671875,0.36
840.6,573.1121826171875,0.32
796.67,569.143310546875,0.29
768.72,563.49462890625,0.27
740.77,562.4545288085938,0.24
734.78,565.2708740234375,0.23
712.95,562.4545288085938,0.21
750.75,559.99755859375,0.25
780.77,562.4545288085938,0.28
778.7,562.4545288085938,0.28
834.61,569.468505859375,0.32
876.54,576.4025268554688,0.34
880.53,591.7218017578125,0.33
920.47,586.3494873046875,0.36
1207.99,586.9921875,0.51
1164.06,584.0307006835938,0.5
1140.33,595.8018798828125,0.48
1124.21,591.7218017578125,0.47
1100.17,586.3494873046875,0.47
1126.12,588.5466918945312,0.48
1176.04,588.5466918945312,0.5
1150.08,588.5466918945312,0.49
1120.13,581.46142578125,0.48
1008.32,581.46142578125,0.42
978.37,575.207763671875,0.41
928.62,572.3336181640625,0.38
868.8,571.42529296875,0.34
798.67,571.42529296875,0.28
752.75,571.42529296875,0.24
757.03,571.42529296875,0.25
748.75,568.5632934570312,0.24
760.88,571.42529296875,0.25
782.76,561.6744995117188,0.28
820.63,561.6744995117188,0.32
878.54,568.5632934570312,0.35
918.47,568.5632934570312,0.38
950.42,578.541259765625,0.39
1040.27,570.6466064453125,0.45
1217.97,567.787353515625,0.53
1200.0,579.2709350585938,0.52
1194.26,592.3765258789062,0.5
1096.17,602.16259765625,0.45
1212.07,594.27294921875,0.51
1203.99,593.31689453125,0.51
1233.94,567.787353515625,0.54
1223.96,580.5546875,0.53
1215.97,580.5546875,0.52
1233.94,577.6378173828125,0.53
1219.97,577.6378173828125,0.53
1102.16,574.7299194335938,0.48
1040.48,580.5546875,0.44
768.79,567.787353515625,0.26
788.69,568.5632934570312,0.28
776.71,570.6466064453125,0.27
760.73,571.42529296875,0.25
786.69,571.42529296875,0.27
812.65,571.42529296875,0.3
826.95,571.42529296875,0.31
906.49,568.5632934570312,0.37
922.46,587.7738647460938,0.36
937.02,587.7738647460938,0.37
1211.98,600.3681640625,0.5
1269.88,594.27294921875,0.53
1237.94,586.0484008789062,0.53
1229.95,593.360595703125,0.52
1184.03,583.114501953125,0.51
1182.03,570.6466064453125,0.52
1182.36,568.5632934570312,0.52
1221.96,574.7299194335938,0.53
1263.89,575.6302490234375,0.54
1273.88,568.5632934570312,0.55
1241.93,565.2928466796875,0.54
1190.02,567.787353515625,0.52
992.35,570.6466064453125,0.42
902.5,567.787353515625,0.37
808.65,565.2928466796875,0.3
810.72,562.450439453125,0.31
762.73,568.5632934570312,0.25
776.71,568.5632934570312,0.27
796.83,570.6466064453125,0.28
820.63,564.488037109375,0.31
830.62,570.6466064453125,0.31
1006.32,573.5147705078125,0.43
1297.84,587.7738647460938,0.55
1315.81,603.046630859375,0.54
1309.9,607.5986328125,0.54
1301.83,618.028076171875,0.53
1286.9,625.4054565429688,0.51
1239.93,621.198974609375,0.5
1182.03,611.0855102539062,0.48
1128.12,611.7251586914062,0.46
1185.79,608.3614501953125,0.49
1200.0,615.26123046875,0.49
1162.15,608.3614501953125,0.48
1174.04,601.9019165039062,0.49
1164.29,591.0819091796875,0.49
1178.04,594.0877685546875,0.5
1106.16,581.850341796875,0.47
988.35,588.5466918945312,0.4
898.5,589.320556640625,0.34
860.57,578.541259765625,0.33
846.65,573.090576171875,0.32
832.61,575.6302490234375,0.31
832.79,566.0665283203125,0.32
894.51,566.0665283203125,0.37
936.44,574.7299194335938,0.39
992.35,586.5541381835938,0.41
1086.19,586.5541381835938,0.46
1096.17,601.40380859375,0.45
1154.08,608.5770263671875,0.47
1150.16,621.80126953125,0.46
1134.11,622.4846801757812,0.45
1112.38,625.7923583984375,0.44
1088.19,631.0575561523438,0.42
1082.2,632.020263671875,0.42
1112.15,617.6463623046875,0.44
1158.07,614.880859375,0.47
1156.07,603.046630859375,0.48
1146.37,573.5147705078125,0.5
964.47,577.6378173828125,0.4
918.47,572.1929321289062,0.38
823.87,572.1929321289062,0.31
800.67,576.3317260742188,0.28
762.73,574.7299194335938,0.25
740.77,574.7299194335938,0.22
748.81,567.787353515625,0.24
738.91,567.787353515625,0.23
720.8,567.787353515625,0.21
764.73,565.2928466796875,0.26
910.48,571.4235229492188,0.37
1042.26,580.9546508789062,0.44
1102.16,593.638671875,0.46
1106.16,604.49658203125,0.45
1154.08,610.8472900390625,0.47
1188.35,618.5895385742188,0.48
1166.06,626.135498046875,0.46
1152.08,631.5126342773438,0.45
946.42,634.86962890625,0.33
876.54,626.59423828125,0.29
874.54,626.135498046875,0.28
992.35,629.109619140625,0.37
1140.33,611.7291870117188,0.46
954.49,615.26123046875,0.36
932.45,610.3209228515625,0.35
922.46,599.7293701171875,0.35
862.56,596.6793823242188,0.31
944.43,600.3681640625,0.36
888.52,590.3136596679688,0.34
852.1,588.0851440429688,0.31
866.73,585.4705200195312,0.32
846.59,580.037353515625,0.31
832.61,579.2709350585938,0.3
889.93,581.850341796875,0.35
926.46,587.3196411132812,0.37
1032.28,600.647216796875,0.42
1092.18,610.2180786132812,0.44
1154.08,621.208740234375,0.46
1190.27,634.4124755859375,0.47
1233.94,637.8148803710938,0.48
1235.94,634.86962890625,0.49
1176.04,644.518798828125,0.45
1158.15,641.5308837890625,0.45
1132.11,642.438720703125,0.43
1172.05,639.03125,0.45
1202.0,639.489501953125,0.47
1198.0,631.5126342773438,0.47
1205.99,623.286865234375,0.48
1213.98,618.5895385742188,0.49
1164.29,618.5895385742188,0.47
1092.18,612.8324584960938,0.44
1016.38,606.8366088867188,0.4
900.5,600.3681640625,0.33
882.53,600.3681640625,0.32
616.97,597.31591796875,0.03
463.23,594.27294921875,0.28
1006.32,590.3136596679688,0.41
950.61,581.850341796875,0.39
1018.3,587.3196411132812,0.42
1116.14,600.647216796875,0.46
1173.84,618.0098876953125,0.47
1176.04,618.5895385742188,0.47
1188.02,629.109619140625,0.47
1246.32,638.2734375,0.49
1249.92,635.3265991210938,0.49
1209.98,645.886962890625,0.47
1174.04,639.03125,0.46
1130.12,649.8323974609375,0.42
1156.07,646.147216796875,0.44
1190.26,639.489501953125,0.46
1164.06,636.2517700195312,0.45
1170.05,627.5211791992188,0.46
1168.14,625.148193359375,0.46
1158.07,615.26123046875,0.47
1096.17,605.8956298828125,0.45
1050.25,608.9991455078125,0.42
954.41,598.8447265625,0.37
936.63,601.9019165039062,0.36
902.5,598.8447265625,0.34
890.52,591.0819091796875,0.34
890.52,591.0819091796875,0.34
930.52,591.0819091796875,0.36
966.39,587.3196411132812,0.39
1070.22,597.31591796875,0.44
1128.12,604.49658203125,0.46
1144.33,608.5770263671875,0.47
1198.0,625.7923583984375,0.48
1192.01,642.438720703125,0.46
1196.01,642.897216796875,0.46
1188.02,642.9273071289062,0.46
1160.07,646.8302001953125,0.44
1125.73,646.8302001953125,0.43
1164.06,647.17138671875,0.44
1219.97,647.17138671875,0.47
1186.12,640.0982055664062,0.46
1184.03,622.60302734375,0.47
1164.06,619.4310302734375,0.47
1098.17,617.3399658203125,0.44
1016.31,603.8155517578125,0.41
850.58,603.8155517578125,0.29
808.72,605.22802734375,0.25
780.7,596.8070068359375,0.24
752.89,597.6558837890625,0.21
742.76,581.526611328125,0.22
752.75,571.6807861328125,0.24
934.44,574.5465698242188,0.39
930.45,578.6124877929688,0.38
1022.3,593.7977294921875,0.42
1084.19,596.1531372070312,0.45
1146.17,607.036865234375,0.47
1180.28,617.4641723632812,0.48
1205.99,623.948486328125,0.48
1198.0,617.41552734375,0.48
1170.05,624.6714477539062,0.47
1144.09,632.8927001953125,0.45
1136.11,630.0025024414062,0.45
1150.08,633.3538208007812,0.45
1168.05,636.9464111328125,0.45
1172.37,631.3074340820312,0.46
1202.0,619.4310302734375,0.48
1180.03,609.5136108398438,0.48
1123.22,602.5451049804688,0.46
1036.27,602.5451049804688,0.42
836.76,592.4951171875,0.29
801.59,594.7301025390625,0.26
764.79,589.320556640625,0.23
758.74,585.578125,0.23
750.75,586.3494873046875,0.22
758.74,586.3494873046875,0.23
708.82,588.7227783203125,0.17
1052.25,591.0819091796875,0.44
1088.41,608.9991455078125,0.44
1144.09,616.0218505859375,0.46
1170.05,625.7657470703125,0.47
1218.05,629.9133911132812,0.48
1233.94,627.173583984375,0.49
1219.97,638.7339477539062,0.48
1207.99,639.03125,0.47
1188.02,649.8323974609375,0.45
1298.11,643.587646484375,0.5
1339.77,643.587646484375,0.52
1409.65,639.7185668945312,0.55
1429.62,636.1657104492188,0.56
1371.71,619.4310302734375,0.55
1331.87,612.23681640625,0.54
1333.78,609.5136108398438,0.54
884.53,602.5451049804688,0.32
842.6,598.8447265625,0.29
832.77,598.8447265625,0.28
790.68,591.7218017578125,0.25
792.68,594.0877685546875,0.25
778.7,585.578125,0.25
777.6,585.578125,0.25
716.87,582.6190795898438,0.19
1030.5,579.2709350585938,0.44
1071.45,594.27294921875,0.45
1120.13,607.5986328125,0.46
1134.11,618.5895385742188,0.45
1213.98,625.7923583984375,0.48
1293.84,631.97021484375,0.51
1315.89,636.0917358398438,0.52
1319.8,643.3804931640625,0.51
1317.8,636.3197631835938,0.52
1312.1,637.3561401367188,0.51
1323.79,638.6300048828125,0.52
1323.79,608.9190673828125,0.54
1377.7,601.6373291015625,0.56
1377.7,592.5467529296875,0.57
1373.71,592.5467529296875,0.57
1341.86,593.31689453125,0.56
1271.88,594.0877685546875,0.53
1104.38,590.3136596679688,0.47
1014.31,594.0877685546875,0.41
962.4,594.0877685546875,0.38
964.39,588.5466918945312,0.39
952.41,585.578125,0.39
926.46,585.578125,0.37
968.39,577.6378173828125,0.4
1006.4,584.807373046875,0.42
1182.03,590.3136596679688,0.5
1320.08,607.5986328125,0.54
1317.8,621.208740234375,0.53
1381.7,634.4124755859375,0.54
1358.59,641.5308837890625,0.53
1377.7,641.5308837890625,0.53
1401.66,652.6416625976562,0.53
1333.28,641.5308837890625,0.52
1351.75,641.98486328125,0.53
1377.7,641.98486328125,0.53
1433.61,638.2734375,0.55
1425.62,638.2734375,0.55
1399.67,621.198974609375,0.56
1345.76,614.207763671875,0.54
1198.1,604.584716796875,0.5
1074.21,604.584716796875,0.44
864.72,596.7255859375,0.31
830.62,591.1522216796875,0.29
796.67,588.5466918945312,0.26
818.64,588.5466918945312,0.28
802.66,585.578125,0.27
928.45,585.578125,0.37
958.4,588.5466918945312,0.39
1008.39,588.5466918945312,0.42
1168.29,594.0877685546875,0.49
1307.82,610.3209228515625,0.53
1311.81,621.83837890625,0.53
1363.73,633.841064453125,0.54
1409.65,637.6732177734375,0.55
1453.58,634.7298583984375,0.56
1415.64,648.704345703125,0.54
1375.71,651.73681640625,0.53
1359.82,651.73681640625,0.52
1389.98,648.4002685546875,0.53
1471.45,641.6504516601562,0.56
1451.58,632.365966796875,0.56
1441.6,625.4054565429688,0.57
1415.29,621.9649658203125,0.56
1293.94,611.7251586914062,0.53
1180.27,604.584716796875,0.49
1122.13,603.8155517578125,0.46
1044.26,599.748779296875,0.43
990.35,599.748779296875,0.39
978.37,591.927734375,0.39
940.43,589.320556640625,0.37
948.42,589.320556640625,0.38
974.45,582.238525390625,0.4
1102.4,586.3494873046875,0.47
1267.89,594.0877685546875,0.53
1313.81,608.3614501953125,0.54
1329.78,619.2801513671875,0.53
1415.64,626.59423828125,0.56
1399.67,643.12744140625,0.54
1433.61,649.8323974609375,0.55
1445.59,657.3937377929688,0.55
1381.7,650.2896728515625,0.53
1317.89,653.883544921875,0.5
1411.65,650.2896728515625,0.54
1459.88,649.1552124023438,0.56
1411.65,637.8148803710938,0.55
1423.63,625.4054565429688,0.56
1351.75,621.9649658203125,0.54
1359.73,611.0855102539062,0.55
1225.96,604.584716796875,0.51
1042.75,603.71533203125,0.42
976.75,595.501953125,0.39
942.43,591.0819091796875,0.37
738.77,588.5466918945312,0.2
541.39,589.320556640625,0.09
1036.27,582.238525390625,0.44
976.44,582.238525390625,0.4
1038.27,582.238525390625,0.44
1229.95,589.320556640625,0.52
1292.12,598.8447265625,0.54
1345.76,612.108154296875,0.55
1435.61,626.135498046875,0.56
1401.66,641.98486328125,0.54
1427.72,639.03125,0.55
1371.71,645.697021484375,0.53
1369.72,644.9744873046875,0.53
1343.76,645.429931640625,0.52
1411.65,645.886962890625,0.54
1431.61,633.4053344726562,0.56
1417.93,623.119140625,0.56
1431.61,618.4988403320312,0.57
1399.77,600.3953857421875,0.57
1363.73,604.2086791992188,0.56
1299.83,598.5651245117188,0.54
1110.15,597.914794921875,0.46
1012.31,593.650146484375,0.41
988.35,587.7432861328125,0.41
940.43,584.803466796875,0.38
928.45,587.7432861328125,0.37
948.68,587.7432861328125,0.38
970.38,577.72998046875,0.4
1138.97,577.72998046875,0.49
1209.98,584.803466796875,0.52
1301.83,600.3953857421875,0.54
1311.81,618.4988403320312,0.53
1377.43,622.60302734375,0.55
1375.71,630.1078491210938,0.54
1357.74,637.0947265625,0.53
1211.98,641.6407470703125,0.47
1164.06,640.9266967773438,0.45
1182.03,636.2586059570312,0.46
1178.04,635.4857177734375,0.46
1196.01,625.78857421875,0.48
1200.09,614.8494873046875,0.49
1215.97,610.7442626953125,0.5
1172.28,605.824951171875,0.48
1154.08,594.138671875,0.49
946.42,597.1341552734375,0.37
822.63,594.138671875,0.28
790.68,594.138671875,0.25
762.79,588.5466918945312,0.23
760.73,588.5466918945312,0.23
762.73,588.5466918945312,0.23
782.7,588.5466918945312,0.25
998.55,588.5466918945312,0.41
978.37,588.5466918945312,0.4
1042.26,595.9525756835938,0.43
1114.14,600.3681640625,0.46
1066.22,614.207763671875,0.42
1156.07,621.198974609375,0.46
1254.0,621.198974609375,0.5
1241.93,631.8583984375,0.49
1228.04,631.8583984375,0.49
1164.06,606.8880615234375,0.48
1152.08,603.8155517578125,0.48
1179.98,609.9700317382812,0.48
1247.92,606.8880615234375,0.51
1207.99,606.8880615234375,0.5
1219.97,596.7255859375,0.51
1202.24,599.748779296875,0.5
1184.03,593.360595703125,0.5
1106.16,594.138671875,0.46
1020.3,594.138671875,0.42
964.39,594.138671875,0.38
940.5,594.138671875,0.37
928.45,591.1522216796875,0.36
906.49,597.1341552734375,0.34
914.67,594.138671875,0.35
990.35,591.1522216796875,0.4
998.34,591.1522216796875,0.41
1034.28,594.138671875,0.43
1128.12,593.360595703125,0.47
1198.0,602.7821655273438,0.5
1214.06,609.9700317382812,0.5
1245.92,617.3399658203125,0.5
1211.98,624.3795166015625,0.48
1206.24,623.2387084960938,0.48
1152.08,627.5697021484375,0.46
1122.13,627.5697021484375,0.44
1194.01,613.0614624023438,0.49
1219.97,605.824951171875,0.5
1227.95,602.7821655273438,0.51
1220.05,599.3553466796875,0.51
993.74,600.138916015625,0.4
928.45,602.7755126953125,0.35
834.61,600.138916015625,0.28
793.6,597.1341552734375,0.25
770.72,600.138916015625,0.22
764.79,597.1341552734375,0.22
742.76,600.138916015625,0.19
734.92,589.9072265625,0.2
768.72,597.1341552734375,0.22
776.71,589.9072265625,0.24
1038.27,597.1341552734375,0.42
1064.23,597.1341552734375,0.44
1074.21,600.138916015625,0.44
1094.18,605.824951171875,0.45
1160.14,605.824951171875,0.48
1207.99,596.3533935546875,0.51
1192.27,609.9700317382812,0.49
1200.0,615.7744140625,0.49
1124.13,615.7744140625,0.45
1090.18,609.9700317382812,0.44
1136.11,605.824951171875,0.47
1237.94,605.824951171875,0.51
1205.99,597.914794921875,0.5
1204.08,594.91650390625,0.51
1154.08,597.1341552734375,0.48
992.54,594.138671875,0.4
858.57,594.138671875,0.31
846.59,597.1341552734375,0.29
798.67,591.1522216796875,0.26
784.69,586.9611206054688,0.25
782.44,589.9072265625,0.25
772.87,586.9611206054688,0.24
758.8,584.0239868164062,0.23
874.54,579.7032470703125,0.34
1002.94,586.0484008789062,0.42
1002.33,586.0484008789062,0.42
1096.17,586.9611206054688,0.46
1138.1,597.1341552734375,0.48
1202.08,605.824951171875,0.5
1229.95,595.455810546875,0.52
1242.18,591.9434204101562,0.52
1202.0,591.9434204101562,0.51
1138.1,585.5054931640625,0.49
1160.07,585.5054931640625,0.5
1164.06,582.599853515625,0.5
1215.97,588.9913940429688,0.52
1209.98,591.9434204101562,0.51
1178.13,586.0484008789062,0.5
1078.41,592.862548828125,0.45
900.5,592.862548828125,0.34
824.63,589.9072265625,0.28
790.68,582.599853515625,0.26
794.68,589.9072265625,0.26
760.73,592.862548828125,0.22
746.76,593.650146484375,0.21
722.8,593.650146484375,0.18
748.81,590.6922607421875,0.21
784.85,587.7432861328125,0.25
958.4,567.3104858398438,0.41
946.42,572.0076293945312,0.4
1008.32,563.6012573242188,0.44
1052.49,566.3945922851562,0.46
1164.06,576.267578125,0.5
1176.28,587.22119140625,0.5
1162.33,601.5748901367188,0.48
1144.09,607.2554931640625,0.47
1094.18,610.5908203125,0.44
1016.31,601.17138671875,0.41
1014.31,605.6658935546875,0.4
1058.24,592.1309814453125,0.44
942.43,588.012939453125,0.38
908.65,578.1185913085938,0.36
902.58,569.0435180664062,0.37
902.5,575.2616577148438,0.36
856.57,568.2489013671875,0.34
804.66,566.2412109375,0.3
786.69,565.44921875,0.28
742.76,565.44921875,0.24
738.77,565.44921875,0.23
722.93,565.44921875,0.22
736.84,558.269287109375,0.24
794.68,555.8695068359375,0.3
902.5,555.8695068359375,0.38
986.36,563.0067138671875,0.43
1042.26,572.41357421875,0.45
1072.21,579.2971801757812,0.46
1130.12,583.6641845703125,0.48
1136.34,594.0060424804688,0.48
942.43,606.398681640625,0.36
926.54,610.6773681640625,0.34
890.52,603.71533203125,0.32
896.51,607.036865234375,0.32
907.17,603.71533203125,0.33
1042.46,603.71533203125,0.42
1132.11,591.3981323242188,0.48
936.52,588.42626953125,0.37
962.49,583.0157470703125,0.39
934.44,580.0909423828125,0.38
868.55,573.1121826171875,0.34
836.61,573.1121826171875,0.31
790.68,566.3146362304688,0.28
746.76,566.3146362304688,0.24
756.88,563.49462890625,0.26
748.75,556.4033203125,0.26
750.82,556.4033203125,0.26
778.7,556.4033203125,0.29
826.62,553.9859619140625,0.33
838.6,570.244384765625,0.32
1110.15,584.8121337890625,0.47
1176.04,584.8121337890625,0.5
1170.29,597.5975341796875,0.49
1205.99,597.5975341796875,0.5
1204.08,601.93310546875,0.5
1126.12,602.4014892578125,0.47
1020.3,605.1665649414062,0.41
1030.28,593.3517456054688,0.42
926.46,596.1531372070312,0.36
960.4,587.7723999023438,0.39
936.44,591.3981323242188,0.37
980.54,584.44970703125,0.4
922.55,583.6641845703125,0.37
896.51,576.770263671875,0.36
862.72,573.890869140625,0.33
794.68,564.274658203125,0.29
764.73,564.274658203125,0.26
736.58,563.49462890625,0.23
716.87,567.0972290039062,0.21
728.79,564.274658203125,0.23
716.81,557.4488525390625,0.22
818.64,557.4488525390625,0.32
924.46,564.274658203125,0.39
958.4,564.274658203125,0.41
1024.29,580.0909423828125,0.43
1080.2,590.7977294921875,0.45
1174.28,591.3167114257812,0.5
1130.2,604.2354125976562,0.47
1140.1,613.79296875,0.46
1094.18,624.8515625,0.43
1058.24,620.7654418945312,0.41
1002.33,613.79296875,0.39
1060.23,616.9209594726562,0.42
1082.2,600.6277465820312,0.44
1060.23,592.0543823242188,0.44
1030.57,588.338623046875,0.43
996.34,588.338623046875,0.41
730.78,574.5465698242188,0.21
832.61,578.348876953125,0.31
814.64,577.4215087890625,0.29
786.69,569.9287719726562,0.28
764.73,567.0972290039062,0.26
766.72,572.41357421875,0.25
750.75,565.44921875,0.25
752.89,563.0067138671875,0.25
808.88,567.0972290039062,0.3
890.52,569.9287719726562,0.36
956.41,569.9287719726562,0.4
976.87,575.989013671875,0.41
994.34,585.5828857421875,0.41
1046.47,595.501953125,0.43
1098.25,595.501953125,0.46
1102.16,594.7301025390625,0.46
1056.24,604.584716796875,0.43
1006.32,611.7251586914062,0.39
1016.31,605.22802734375,0.4
996.34,601.17138671875,0.4
1064.23,598.1435546875,0.44
1080.2,593.3517456054688,0.45
1094.27,590.741943359375,0.46
1080.41,583.6641845703125,0.46
976.37,585.5828857421875,0.4
832.61,575.989013671875,0.31
820.63,570.244384765625,0.31
778.7,570.244384765625,0.27
746.76,573.1121826171875,0.23
734.78,572.3336181640625,0.22
740.83,573.1121826171875,0.23
740.91,569.468505859375,0.23
752.75,572.3336181640625,0.24
926.46,569.468505859375,0.39
962.4,575.207763671875,0.4
974.38,575.207763671875,0.41
1004.33,575.207763671875,0.43
1072.21,566.3146362304688,0.47
1090.27,565.2708740234375,0.48
1039.47,579.3157348632812,0.44
850.58,584.0307006835938,0.31
1048.25,589.9654541015625,0.44
993.27,589.320556640625,0.41
1044.26,584.0307006835938,0.44
1062.31,586.9921875,0.45
1026.49,583.0157470703125,0.43
1046.26,580.0909423828125,0.45
998.34,580.0909423828125,0.42
832.61,573.1121826171875,0.31
822.63,574.5465698242188,0.3
770.72,567.0972290039062,0.26
764.73,570.5831298828125,0.25
734.78,564.274658203125,0.23
706.89,560.223388671875,0.21
700.96,560.223388671875,0.2
692.85,557.4488525390625,0.2
752.75,553.1350708007812,0.27
776.71,553.1350708007812,0.29
810.65,564.274658203125,0.3
858.57,571.0247802734375,0.33
1054.24,585.463623046875,0.44
1116.14,593.7977294921875,0.47
1216.23,598.0706787109375,0.51
1200.08,607.86328125,0.49
1104.16,605.1665649414062,0.45
1052.25,604.2354125976562,0.43
1034.28,610.6773681640625,0.41
1133.33,603.71533203125,0.47
1149.84,596.8070068359375,0.48
1122.29,593.3517456054688,0.47
1100.17,587.014892578125,0.47
1102.26,577.4215087890625,0.48
952.49,574.5465698242188,0.4
852.58,576.770263671875,0.32
802.66,576.770263671875,0.28
764.73,569.9287719726562,0.25
744.76,567.0972290039062,0.24
732.92,567.0972290039062,0.23
724.85,559.1742553710938,0.23
746.76,557.4488525390625,0.25
734.78,559.1742553710938,0.24
956.41,556.4033203125,0.42
974.38,573.1121826171875,0.41
1044.26,577.82666015625,0.45
1060.23,580.7385864257812,0.45
1148.32,593.1464233398438,0.48
1184.03,593.1464233398438,0.5
1176.12,600.1392822265625,0.49
1158.07,613.888671875,0.47
1094.18,607.86328125,0.44
1182.03,613.40380859375,0.48
1263.89,608.9505615234375,0.52
1221.96,601.8204345703125,0.51
1223.96,593.3517456054688,0.52
1152.31,586.2327270507812,0.49
1086.19,582.1934814453125,0.46
950.51,579.2971801757812,0.39
872.55,579.2971801757812,0.34
836.61,566.3146362304688,0.32
790.68,566.3146362304688,0.28
727.31,566.3146362304688,0.22
726.79,563.49462890625,0.22
712.81,563.49462890625,0.21
730.2,566.3146362304688,0.22
734.78,556.4033203125,0.24
786.69,569.143310546875,0.28
974.38,569.9287719726562,0.42
982.36,580.7385864257812,0.41
1042.26,596.1531372070312,0.43
1146.32,603.1952514648438,0.47
1152.08,607.5090942382812,0.47
1110.15,620.2924194335938,0.44
1072.29,624.76806640625,0.42
990.35,617.4641723632812,0.38
1010.32,620.7654418945312,0.39
1050.25,620.2924194335938,0.41
1082.2,610.1602783203125,0.44
1052.25,608.9505615234375,0.42
1074.42,599.447509765625,0.44
1060.23,594.0060424804688,0.44
940.43,586.2327270507812,0.38
862.56,589.1771240234375,0.32
848.66,585.5828857421875,0.31
782.7,580.6209106445312,0.26
758.74,580.6209106445312,0.23
754.74,577.72998046875,0.23
738.77,576.8156127929688,0.22
756.89,571.42529296875,0.25
750.75,576.8156127929688,0.23
992.35,576.8156127929688,0.42
992.49,584.0239868164062,0.41
1024.37,591.927734375,0.42
1104.16,597.369873046875,0.46
1164.29,601.9019165039062,0.48
1193.77,594.7301025390625,0.5
1188.02,591.0819091796875,0.5
1154.08,601.1345825195312,0.48
1122.13,597.31591796875,0.47
1114.23,604.49658203125,0.46
1102.16,603.046630859375,0.45
1130.12,601.9019165039062,0.47
1142.1,594.91650390625,0.48
1108.37,591.47705078125,0.47
1060.23,568.0960693359375,0.46
988.35,563.6012573242188,0.43
956.41,561.1643676757812,0.41
770.72,565.2708740234375,0.27
764.73,564.393310546875,0.26
728.85,561.953857421875,0.23
736.77,559.1742553710938,0.24
728.79,559.1742553710938,0.23
726.92,561.953857421875,0.23
758.74,561.953857421875,0.26
814.64,559.1742553710938,0.31
948.42,559.1742553710938,0.41
948.42,566.3146362304688,0.4
720.8,575.989013671875,0.2
1034.35,580.0909423828125,0.44
1130.2,584.0307006835938,0.48
1110.15,586.9921875,0.47
1148.32,583.6641845703125,0.49
1060.9,576.4025268554688,0.46
822.63,578.5135498046875,0.3
1022.3,578.5135498046875,0.43
1040.44,565.2708740234375,0.46
948.42,561.1643676757812,0.41
854.73,556.4033203125,0.35
996.34,553.2041015625,0.44
932.61,553.9859619140625,0.41
880.53,555.619140625,0.37
814.64,553.2041015625,0.32
756.74,553.2041015625,0.27
740.83,555.619140625,0.25
742.76,555.619140625,0.25
750.75,559.1742553710938,0.26
732.78,553.9859619140625,0.24
782.7,556.4033203125,0.29
890.52,553.9859619140625,0.38
828.62,550.4093017578125,0.34
976.87,544.0678100585938,0.44
1733.12,540.0790405273438,0.69
892.59,549.6207885742188,0.38
968.39,549.6207885742188,0.43
1116.14,549.6207885742188,0.51
968.39,549.974853515625,0.43
958.4,553.1350708007812,0.42
840.75,556.927734375,0.34
860.57,565.44921875,0.34
896.51,566.2412109375,0.37
894.51,560.1266479492188,0.37
1094.27,554.9839477539062,0.49
866.56,561.6726684570312,0.35
867.61,561.0101318359375,0.35
832.61,560.223388671875,0.33
820.63,549.6207885742188,0.33
1469.5,555.0751953125,0.62
746.76,549.6207885742188,0.26
1417.76,549.6207885742188,0.61
718.8,549.6207885742188,0.24
706.82,552.3436279296875,0.22
750.75,555.0751953125,0.26
577.18,560.2201538085938,0.03
810.65,560.2201538085938,0.31
862.56,558.269287109375,0.35
834.61,558.269287109375,0.33
896.59,561.0199584960938,0.37
878.54,560.2201538085938,0.36
862.56,563.6012573242188,0.35
856.57,564.393310546875,0.34
1048.25,564.393310546875,0.46
993.27,567.1892700195312,0.43
864.56,560.2201538085938,0.35
906.49,557.4722900390625,0.39
894.51,555.0751953125,0.38
934.54,552.3436279296875,0.41
902.5,555.0751953125,0.38
874.54,554.0146484375,0.37
806.66,548.79150390625,0.32
760.73,558.3873901367188,0.27
714.81,561.1643676757812,0.21
724.79,558.3873901367188,0.23
716.86,558.3873901367188,0.22
717.66,557.337158203125,0.22
692.85,557.337158203125,0.2
762.73,557.337158203125,0.27
793.6,557.337158203125,0.3
810.65,555.619140625,0.31
854.58,560.2201538085938,0.34
840.61,549.6207885742188,0.35
894.51,554.0146484375,0.38
896.59,555.73828125,0.38
892.51,558.4552612304688,0.37
862.56,556.1897583007812,0.36
842.6,552.2311401367188,0.34
830.62,549.5531005859375,0.34
844.59,551.3999633789062,0.35
892.67,549.0421752929688,0.38
902.5,554.1026611328125,0.39
896.51,555.0411376953125,0.38
876.54,552.3353271484375,0.37
832.7,552.3353271484375,0.34
652.91,555.0411376953125,0.15
742.76,551.3999633789062,0.26
756.74,555.0411376953125,0.27
744.9,555.0411376953125,0.25
728.79,547.02294921875,0.25
736.77,545.10107421875,0.26
732.78,545.10107421875,0.26
772.78,547.28515625,0.29
788.69,547.28515625,0.31
850.58,549.0421752929688,0.35
838.6,558.269287109375,0.33
842.75,575.2616577148438,0.32
1092.11,585.0988159179688,0.46
1080.2,585.7561645507812,0.46
1030.28,593.5732421875,0.42
994.61,605.5121459960938,0.39
960.4,609.0966796875,0.37
878.71,600.0003051757812,0.32
862.56,600.0003051757812,0.3
888.52,603.6771240234375,0.32
918.47,587.6767578125,0.36
908.49,573.070068359375,0.37
896.6,564.454833984375,0.37
864.56,566.2412109375,0.35
746.76,553.1350708007812,0.26
680.87,554.189697265625,0.19
666.89,544.6038208007812,0.18
660.9,553.1350708007812,0.16
674.88,546.355712890625,0.19
732.78,542.2647705078125,0.26
750.82,544.0678100585938,0.28
788.83,544.0678100585938,0.31
826.62,544.0678100585938,0.34
880.53,550.4093017578125,0.37
804.66,557.4488525390625,0.31
1120.13,571.0247802734375,0.49
1066.22,573.1121826171875,0.46
916.47,580.7385864257812,0.37
834.61,590.741943359375,0.29
842.83,600.1392822265625,0.29
862.56,593.7977294921875,0.31
899.92,598.791748046875,0.33
914.48,596.8070068359375,0.35
894.51,595.1910400390625,0.33
883.97,582.1840209960938,0.34
886.77,578.6124877929688,0.35
872.55,571.6807861328125,0.34
826.62,564.9330444335938,0.32
836.61,564.274658203125,0.33
756.74,557.4488525390625,0.26
724.79,557.4488525390625,0.23
700.83,557.4488525390625,0.2
680.87,550.4093017578125,0.19
668.89,555.02880859375,0.17
706.82,548.03125,0.22
718.93,548.03125,0.24
762.8,545.3216552734375,0.29
834.61,556.4033203125,0.33
834.61,570.244384765625,0.32
868.55,587.7723999023438,0.32
864.56,590.7977294921875,0.32
1138.1,607.036865234375,0.47
1092.18,604.2354125976562,0.45
1072.43,613.79296875,0.43
992.35,611.9877319335938,0.38
930.45,603.71533203125,0.35
968.46,603.71533203125,0.38
1004.33,596.8070068359375,0.41
994.34,597.329833984375,0.4
926.46,584.04736328125,0.37
900.5,581.526611328125,0.35
894.66,574.5465698242188,0.36
828.62,574.5465698242188,0.31
767.94,571.6807861328125,0.26
732.85,564.274658203125,0.23
714.16,564.274658203125,0.21
731.96,553.9859619140625,0.24
736.77,556.4033203125,0.24
736.77,553.1350708007812,0.25
770.72,551.460205078125,0.28
786.76,550.4093017578125,0.3
812.65,556.4033203125,0.32
844.59,573.1121826171875,0.32
876.54,580.7385864257812,0.34
882.7,584.8121337890625,0.34
906.49,593.1464233398438,0.35
1142.1,598.0706787109375,0.48
1042.26,597.5975341796875,0.43
870.55,593.7977294921875,0.32
846.66,596.8070068359375,0.3
908.49,596.8070068359375,0.34
1124.13,578.5135498046875,0.49
1138.33,561.953857421875,0.51
1054.24,562.4545288085938,0.47
886.52,569.143310546875,0.36
918.47,566.3146362304688,0.38
820.63,566.3146362304688,0.31
779.19,566.3146362304688,0.27
752.75,566.3146362304688,0.25
706.89,566.3146362304688,0.2
709.61,562.4545288085938,0.21
698.84,562.4545288085938,0.2
720.93,555.619140625,0.23
734.78,561.034423828125,0.24
787.17,553.9859619140625,0.3
808.65,562.4545288085938,0.3
854.58,569.468505859375,0.33
878.34,577.17529296875,0.34
970.38,589.9654541015625,0.39
1154.08,596.8070068359375,0.48
1134.11,594.0060424804688,0.48
1098.17,598.791748046875,0.45
1018.3,571.0573120117188,0.44
844.59,569.143310546875,0.33
840.6,583.0157470703125,0.31
880.78,580.0909423828125,0.34
896.51,576.770263671875,0.36
894.51,573.890869140625,0.36
894.51,569.9287719726562,0.36
842.6,567.0972290039062,0.33
822.63,567.0972290039062,0.31
784.69,557.4488525390625,0.29
750.75,557.4488525390625,0.26
730.98,557.4488525390625,0.24
700.83,556.4033203125,0.21
714.81,556.4033203125,0.22
708.82,547.2453002929688,0.23
738.77,547.2453002929688,0.26
764.73,550.4093017578125,0.28
816.64,557.4488525390625,0.32
806.66,564.274658203125,0.3
836.76,571.0247802734375,0.32
904.57,588.42626953125,0.35
832.61,596.1531372070312,0.28
1100.17,601.1754150390625,0.45
1040.51,604.2354125976562,0.42
930.45,604.6253662109375,0.35
879.94,597.329833984375,0.32
854.66,597.329833984375,0.3
896.51,594.6644897460938,0.34
870.55,587.6767578125,0.32
886.52,585.1094970703125,0.34
896.51,574.5465698242188,0.36
866.56,567.0972290039062,0.35
812.65,567.7516479492188,0.3
766.86,557.4488525390625,0.27
728.79,557.4488525390625,0.24
716.87,557.4488525390625,0.22
692.85,548.03125,0.21
684.86,557.4488525390625,0.19
706.82,555.02880859375,0.21
736.77,548.03125,0.26
748.75,545.3216552734375,0.27
804.81,563.49462890625,0.3
856.57,570.244384765625,0.33
870.55,581.526611328125,0.33
964.47,591.3981323242188,0.39
1124.13,591.3981323242188,0.47
1136.11,599.447509765625,0.47
1078.2,594.6644897460938,0.45
914.48,599.447509765625,0.34
589.02,594.3186645507812,0.01
950.42,597.329833984375,0.37
1142.32,592.0543823242188,0.48
1026.29,584.44970703125,0.43
911.99,580.8739624023438,0.36
918.47,577.4215087890625,0.37
914.48,570.5831298828125,0.38
829.75,567.0972290039062,0.32
802.8,560.223388671875,0.3
